,Rates collection,Percentage of accumulated deficit from income,Average per capita expenditure in NIS,Education,Welfare,Total income from the government,Total expenses,Total income,Surplus or deficit per year,Development Work,immigration_balance,Socioeconomic cluster from 1 to 10 lowest 1,Percentage of eligible for a Bagrut,Gini Index of Inequality Index 0 Full Equality,Compactness Cluster from 1 to 10 1 highest
0,37924.0,0.3,5110.95,148879.0,29281.0,186692.0,270446.0,255189.0,15257.0,14677.0,12.0,2,53.3,0.3786,7
1,37797.0,0.29,5639.51,150616.0,30160.0,201961.0,276005.0,276005.0,14344.0,16301.0,-41.0,2,52.9,0.3827,7
2,40414.0,0.3,5531.09,168718.0,33760.0,215495.0,309154.0,294964.0,14128.0,2426.0,-132.0,2,60.0,0.3846,7
3,44141.0,0.22,5683.24,166463.0,35452.0,234906.0,320440.0,320440.0,-13.0,680.0,-106.0,2,57.757166947723434,0.40003359505636205,8
4,31813.0,0.12,5146.44,38983.0,19347.0,90940.0,146720.0,144547.0,2173.0,5658.0,-213.0,3,47.1,0.3839,3
5,32551.0,0.13,5515.08,45324.0,22198.0,95088.0,159202.0,150844.0,6980.0,6075.0,355.0,3,51.7,0.3836,3
6,36735.0,0.15,5697.95,51134.0,22501.0,109825.0,173620.0,169170.0,5059.0,8878.0,422.0,3,46.2,0.3799,3
7,38502.0,0.11,6359.26,65789.0,24480.0,136417.0,201920.0,201920.0,118.0,14711.0,570.0,3,45.19480519480519,0.39357793440534994,3
8,107479.0,0.11,6692.31,73590.0,28276.0,87206.0,247776.0,244408.0,3368.0,19561.0,-351.0,5,59.9,0.3988,3
9,112143.0,0.12,6619.23,83832.0,32094.0,84526.0,257031.0,257031.0,2690.0,4190.0,-351.0,5,64.7,0.3948,3
10,118766.0,0.12,8200.5,90593.0,34255.0,115782.0,304034.0,304034.0,8591.0,6196.0,-428.0,6,64.7,0.392,3
11,118512.0,0.14,8011.53,100018.0,34775.0,106671.0,291808.0,291808.0,3563.0,44894.0,-456.0,6,70.74148296593187,0.4026414372699363,3
12,43600.0,0.31,7121.42,39532.0,13722.0,57768.0,139765.0,139758.0,7.0,7389.0,48.0,5,65.6,0.3626,2
13,42876.0,0.2,7664.7,44789.0,14491.0,65913.0,154856.0,154856.0,3063.0,15755.0,81.0,5,70.1,0.3607,2
14,42086.0,0.16,8173.2,48034.0,16046.0,65348.0,162860.0,157860.0,4494.0,22889.0,-90.0,5,74.9,0.3633,2
15,41030.0,0.23,8098.81,50504.0,16451.0,65680.0,166306.0,166306.0,10024.0,20310.0,150.0,5,74.78260869565217,0.3795645151425576,3
16,265973.0,0.17,8016.75,149011.0,26150.0,163473.0,516784.0,503264.0,13520.0,4368.0,-208.0,6,63.0,0.3695,8
17,268006.0,0.17,8448.69,144724.0,24553.0,136176.0,482500.0,482500.0,6335.0,5405.0,-614.0,6,66.7,0.3678,8
18,291390.0,0.16,8883.81,156412.0,29387.0,148900.0,503500.0,503500.0,7922.0,80.0,-473.0,6,67.7,0.3662,8
19,294371.0,0.19,8785.58,162115.0,32280.0,162581.0,525000.0,525000.0,16218.0,377.0,-186.0,6,69.26470588235294,0.3857546699115081,9
20,36403.0,0.09,3644.85,62839.0,18539.0,97355.0,157691.0,157708.0,-17.0,11561.0,-262.0,2,35.9,0.392,3
21,36882.0,0.08,3889.54,69948.0,21000.0,108042.0,174904.0,174904.0,-8.0,15261.0,-483.0,2,36.2,0.391,3
22,35704.0,0.07,4236.03,84884.0,24199.0,127473.0,203681.0,203681.0,-266.0,4485.0,-452.0,2,28.5,0.3895,3
23,43387.0,0.07,4499.72,86186.0,25275.0,131343.0,206819.0,206819.0,-42.0,53420.0,-467.0,2,24.676724137931032,0.4065642794559009,2
24,36120.0,0.04,5588.42,32603.0,10486.0,49710.0,107633.0,107769.0,-136.0,7286.0,49.0,6,72.0,0.3748,8
25,40398.0,0.03,6128.58,37330.0,12125.0,59515.0,122004.0,122004.0,-112.0,8006.0,142.0,6,76.7,0.3756,8
26,43983.0,0.03,6219.37,41018.0,12427.0,57594.0,125879.0,125879.0,-938.0,7892.0,126.0,6,77.6,0.3756,8
27,45469.0,0.02,6432.37,41889.0,13471.0,56952.0,126462.0,126462.0,-17.0,8942.0,-115.0,6,75.86206896551724,0.392075667154992,9
28,675629.0,0.02044159168983613,5637.59,456979.0,150753.0,428051.0,1391565.0,1392916.0,1351.0,54372.0,-2502.0,5,56.7,0.4204,7
29,705029.0,0.0196,5982.21,506810.0,160114.0,460482.0,1530866.0,1530866.0,1069.0,49841.0,-2705.0,5,56.9,0.4183,7
30,743787.0,0.023121211101381673,6267.29,549380.0,184359.0,518702.0,1637278.0,1637278.0,3133.0,80801.0,-3003.0,5,57.0,0.4169,7
31,752178.0,0.02264618824148205,6484.81,579952.0,200684.0,554391.0,1725788.0,1725788.0,702.0,79911.0,-2826.0,5,57.40846681922197,0.4289676748459734,8
32,352951.0,0.01,4876.55,174146.0,85768.0,194495.0,694040.0,696052.0,-2012.0,74630.0,1833.0,5,71.7,0.415,7
33,382040.0,0.01,4964.52,299175.0,94749.0,305476.0,834933.0,834933.0,-304.0,76224.0,1359.0,5,73.1,0.4136,7
34,399601.0,0.01,5751.62,221436.0,99946.0,254201.0,815836.0,815836.0,-7.0,69903.0,1095.0,5,73.0,0.4117,7
35,416848.0,0.01,5753.38,276373.0,112007.0,300240.0,896931.0,896931.0,-5.0,73653.0,555.0,5,69.52155936207916,0.42380913344825033,7
36,26824.0,0.08,4922.58,57534.0,12466.0,87729.0,137975.0,138067.0,-92.0,722.0,4.0,3,56.9,0.3608,3
37,30159.0,0.07,5208.54,65256.0,13368.0,93893.0,148321.0,148321.0,-170.0,846.0,20.0,3,57.7,0.3657,3
38,30135.0,0.06,5725.81,75087.0,14701.0,110111.0,164335.0,164335.0,-529.0,959.0,1.0,3,67.6,0.3685,3
39,31116.0,0.06,5565.17,79117.0,15786.0,113479.0,166855.0,166855.0,257.0,1890.0,3.0,3,65.75809199318569,0.37847325513188423,3
40,686887.0,0.11,6751.47,412912.0,153784.0,440956.0,1452647.0,1456632.0,-3985.0,137766.0,-759.0,5,71.2,0.4307,7
41,706528.0,0.11,6824.06,446477.0,161218.0,462770.0,1512204.0,1512204.0,-1910.0,164779.0,-1363.0,5,69.6,0.4283,7
42,733126.68,0.1,7454.15,480848.0,160986.0,496451.0,1655584.0,1655584.0,-1786.0,192685.13,-1358.0,5,73.9,0.4303,7
43,700619.0,0.09,7863.7,531643.0,175154.0,611917.0,1749240.0,1749240.0,-2246.0,138039.0,-1811.0,5,76.5576323987539,0.4443289169458615,8
44,33014.0,0.37,9859.04,31733.0,18621.0,115014.0,190378.0,179669.0,10709.0,2551.0,-95.0,4,56.0,0.3667,5
45,35345.0,0.26,8426.98,29363.0,18826.0,63701.0,133618.0,129857.0,-2032.0,1852.0,-97.0,4,49.3,0.3651,5
46,37126.0,0.14,9153.55,29852.46,19084.28,65273.0,135189.69,131495.0,3603.93,435.14,-150.0,5,66.8,0.3635,5
47,37436.0,0.12,8130.17,38235.0,22609.0,76102.0,151316.0,151316.0,-260.0,123.0,188.0,5,70.46979865771812,0.38157531776703635,5
48,142391.0,0.14,3612.21,132080.0,56629.0,176122.0,398774.0,386668.0,12106.0,28975.0,1917.0,2,34.0,0.4377,8
49,159923.0,0.11,3829.85,123102.0,54861.0,171691.0,396432.0,396432.0,-3478.0,36169.0,1788.0,2,34.3,0.4329,8
50,164542.0,0.1,4190.63,160937.0,62302.0,223385.0,469736.0,469736.0,8415.0,52105.0,393.0,2,37.2,0.4336,8
51,173245.0,0.11,4218.46,180036.0,74798.0,257668.0,518379.0,518379.0,5746.0,61966.0,555.0,2,37.729627885068304,0.4431222535539888,9
52,21778.0,0.19,3183.78,43380.0,22319.0,98306.01,164824.27,167457.37,-2633.09,11124.0,244.0,1,10.5,0.3774,6
53,24810.0,0.1,3487.1,50036.0,26906.0,103475.0,177050.0,177050.0,-95.95,8810.0,494.0,1,10.2,0.3767,6
54,28215.0,0.09,3800.65,66593.0,29111.0,127661.0,204264.0,204264.0,-48.0,12333.0,706.0,1,9.8,0.3781,6
55,31381.0,0.07,4045.82,71489.0,36326.0,145494.0,226192.0,226192.0,-99.0,9090.0,-161.0,1,11.440329218106996,0.38797651671410804,6
56,311724.0,0.09,5551.12,371833.0,133664.0,508501.0,1059037.0,1057237.0,1800.0,37231.0,-1741.0,2,6.4,0.406,2
57,322594.0,0.09,5690.75,402093.0,143419.0,527498.0,1101014.0,1101014.0,1826.0,52052.0,-1569.0,2,7.0,0.4035,2
58,339036.0,0.08,6073.99,442056.0,154891.0,581239.0,1185381.0,1185381.0,1490.0,35418.0,-2158.0,2,6.4,0.4043,2
59,360216.0,0.07,6639.26,533172.0,165847.0,680150.0,1333154.0,1333154.0,-75.0,63957.0,-3111.0,2,5.990068280571074,0.4088014496490876,2
60,294652.0,0.13,4873.62,197432.0,102054.0,296527.0,773667.0,766054.0,7613.0,75477.0,-1675.0,5,72.1,0.3661,3
61,302213.0,0.11,5064.07,210348.0,87066.0,296517.0,781617.0,781617.0,-839.0,41560.0,-1971.0,5,70.8,0.3654,3
62,314938.0,0.11,5336.65,224446.0,111488.0,344453.0,840217.0,840217.0,-126.0,119646.0,-2113.0,5,74.3,0.3649,3
63,328741.0,0.11,5524.91,243312.0,115840.0,376627.0,881542.0,881542.0,4836.0,105060.0,-2169.0,5,74.52276064610867,0.37974765087446405,2
64,62315.0,0.08,5390.59,41912.0,9335.0,36297.0,138274.0,140850.0,2576.0,71459.0,-44.0,8,86.9,0.4488,3
65,64805.0,0.07,5552.69,47284.0,9099.0,34255.0,143301.0,143301.0,1428.0,138786.0,-273.0,8,86.3,0.4524,3
66,69256.0,0.07,5843.01,51223.0,10200.0,34021.0,150856.0,150856.0,914.0,116227.0,-269.0,8,87.8,0.4579,3
67,71459.0,0.05500000000000001,5988.66,55169.0,10457.0,37494.0,159238.0,159238.0,1411.0,144103.0,-127.0,8,91.26760563380282,0.46904413437047054,3
68,180616.0,0.27,6661.68,101255.0,22319.0,130301.0,399874.0,396658.0,3216.0,139676.0,-127.0,8,88.8,0.4382,2
69,184441.0,0.29,5999.72,105449.0,22145.0,81508.0,358607.0,358607.0,-73.0,105397.0,237.0,8,89.3,0.4375,2
70,195088.0,0.27,6307.6,113163.0,23175.0,84370.0,375267.0,375267.0,625.0,184036.0,177.0,8,91.6,0.4377,2
71,208725.0,0.26,6570.53,126545.0,25463.0,96262.0,408695.0,408695.0,57.0,212886.0,37.0,8,91.34438305709024,0.4497192627681126,2
72,88002.0,0.1,5973.73,56363.0,29955.0,111724.0,228304.0,230314.0,-2010.0,10728.0,-376.0,4,72.0,0.4285,4
73,108423.0,0.04,6379.22,62182.0,30041.0,112781.0,242471.0,242471.0,-14318.0,16581.0,-266.0,4,61.5,0.4157,4
74,84007.0,0.03,7153.37,69707.0,34236.0,152175.0,270390.0,270390.0,-932.0,14899.0,-269.0,4,68.5,0.4258,4
75,86239.0,0.02,8098.69,76636.0,37690.0,163954.0,300862.0,300862.0,-1013.0,12540.0,150.0,4,74.74541751527495,0.43642828393865485,6
76,191871.0,0.06,6574.78,137268.0,18895.0,98654.0,382271.0,384237.0,-1966.0,28582.0,1870.0,8,87.0,0.4798,7
77,206506.0,0.05,6746.91,153321.0,21948.0,106460.0,405523.0,405523.0,-1930.0,44759.0,1558.0,8,86.5,0.4755,7
78,218636.0,0.04,7162.96,176388.0,24724.0,130222.0,455478.0,455478.0,-1858.0,49449.0,1487.0,8,84.7,0.4742,7
79,227390.0,0.04,7469.61,189314.0,25595.0,139195.0,489903.0,489903.0,-149.0,43242.0,621.0,8,88.31942789034565,0.48566027123179056,7
80,491977.0,0.016543355896580625,8147.43,259979.0,52940.0,191150.0,836268.0,853785.0,17517.0,162229.0,-58.0,8,84.5,0.4891,7
81,496245.0,0.021967077323586257,8243.74,278583.0,57198.0,206546.0,863956.0,863956.0,17290.0,66539.0,161.0,8,79.3,0.4873,7
82,505872.0,0.054142714494541284,8268.69,299012.0,59555.0,218269.0,906212.0,906212.0,32122.0,308264.0,-193.0,8,81.9,0.4897,7
83,539447.0,0.04895430601262188,8721.29,309790.0,60844.0,223713.0,924376.0,924376.0,19603.0,310095.0,-1.0,8,85.27667984189723,0.500297836697639,8
84,298250.0,0.18,5825.74,134820.0,63800.0,137817.0,557180.0,557386.0,-206.0,25253.0,774.0,6,65.5,0.4084,8
85,310524.0,0.17,6012.98,140813.0,68093.0,149256.0,569019.0,569019.0,-1024.0,26317.0,1342.0,6,63.9,0.4107,8
86,328225.0,0.15,6272.33,153863.0,68246.0,156875.0,607313.0,607313.0,-1055.0,30284.0,1066.0,6,66.7,0.4073,8
87,343209.0,0.15,6391.7,170213.0,74388.0,174767.0,648327.0,648327.0,-736.0,29909.0,396.0,6,69.21824104234527,0.42181815814787105,8
88,513924.0,-0.0025643548839735107,5307.8,378574.0,102202.0,346415.0,1099304.0,1100757.0,-1453.0,93978.0,-793.0,6,73.0,0.4042,5
89,527741.0,0.00012141966489626616,5487.1,427868.0,113442.0,387657.0,1200781.0,1200781.0,-363.25,85571.0,-608.0,6,73.9,0.4038,5
90,545040.0,0.0028914214595685364,5777.39,455778.0,123626.0,418589.0,1248833.0,1248833.0,-363.25,115695.0,-702.0,7,76.5,0.4043,5
91,568573.0,0.020608541389876587,6049.93,468644.0,131415.0,420690.0,1281788.0,1281788.0,-363.25,138350.0,-567.0,7,75.71981091534164,0.41830321656899006,5
92,1256232.0,0.01,7889.25,474105.0,191323.0,469798.0,2497817.0,2500005.0,-2188.0,5717.0,-2051.0,7,73.9,0.4766,9
93,1257899.0,0.01,8104.99,510007.0,205797.0,503251.0,2597522.0,2597522.0,-2013.0,61412.0,-2615.0,7,71.1,0.4751,9
94,1332701.0,0.005,8350.44,544799.0,208261.0,515093.0,2690975.7,2690976.0,-10205.0,8491.0,-2369.0,7,71.6,0.4745,9
95,1352456.0,0.005,8645.45,589721.0,209738.0,551314.0,2785157.0,2785157.0,-1976.0,10527.0,-2034.0,7,72.69736842105263,0.4866353108026664,9
96,118734.0,0.26,7094.53,76864.0,41260.0,122952.0,333833.0,298953.0,34880.0,16843.0,-236.0,4,51.1,0.3943,6
97,118164.0,0.33,7100.42,82987.0,45237.0,130932.0,329265.0,309281.0,26564.0,10071.0,-368.0,4,51.3,0.3964,6
98,127534.0,0.28,7293.96,92197.0,41806.0,140709.0,343120.0,333120.0,3932.0,4629.0,-245.0,4,60.5,0.395,6
99,127461.0,0.25,8531.82,94124.0,46877.0,150766.0,355240.0,348244.0,11248.0,5227.0,-2.0,4,59.800664451827245,0.4049882294965472,6
100,38202.0,0.01,4169.15,48187.0,14130.0,87226.0,173541.0,173553.0,-12.0,12609.0,49.0,3,60.5,0.3655,5
101,38190.0,0.01,4305.59,50645.0,14904.0,91888.0,179735.0,179735.0,-45.0,12321.0,6.0,3,65.8,0.3721,5
102,39278.0,0.01,4963.03,61065.0,15321.0,100415.0,182914.0,182914.0,21.0,15069.0,37.0,3,71.6,0.3814,5
103,39324.0,0.02,4321.52,59260.0,15808.5,101636.0,182487.0,182487.0,4445.0,4328.0,23.0,3,72.19451371571073,0.3963916754047758,4
104,29051.0,0.24,3940.36,32541.0,11124.0,59232.0,100097.0,100307.0,-210.0,5543.0,49.0,4,48.3,0.3663,5
105,28680.0,0.23,4069.25,36692.0,13453.0,64172.0,109935.0,109935.0,-324.0,4767.0,35.0,4,54.0,0.3687,5
106,28349.0,0.18,4037.06,50066.0,14886.0,78188.0,125364.0,125364.0,-248.0,5335.0,69.0,4,55.7,0.3704,5
107,25495.0,0.17,4036.01,42473.0,14774.0,67902.0,114950.0,114950.0,-66.0,7651.0,71.0,4,61.044176706827315,0.3907695099687938,5
108,94683.0,0.04,9211.09,61919.0,28000.0,71362.0,199328.0,201415.0,-2087.0,37971.0,288.0,4,76.9,0.3862,5
109,82034.0,0.02,9076.25,57600.0,28140.0,69100.0,188000.0,188000.0,-770.0,52950.0,610.0,4,72.5,0.3886,5
110,71959.0,0.02,9009.78,66119.0,29140.0,90068.0,200000.0,200000.0,-177.0,55100.0,653.0,5,72.1,0.3862,5
111,74312.0,0.02,9678.9,67513.0,30249.0,89502.0,203200.0,203200.0,-83.0,82461.0,605.0,5,67.05882352941175,0.40283500688488627,5
112,33334.0,0.17,5635.44,83830.0,18482.0,125155.0,182453.0,182609.0,-156.0,2557.0,41.0,2,63.6,0.3583,4
113,33165.0,0.13,5904.59,87478.0,18248.0,129684.0,181058.0,181058.0,-54.0,300.0,21.0,2,57.0,0.3639,4
114,36412.0,0.12,6315.22,101722.0,20021.0,148173.0,200381.0,200381.0,148.0,223.0,9.0,2,63.7,0.3663,4
115,39430.0,0.11,6472.71,106945.0,21043.0,151012.0,207391.0,207391.0,755.0,210.0,-17.0,2,59.09090909090909,0.3800162222030453,6
116,151330.0,0.08,6235.11,93215.0,20188.0,90045.0,274089.0,274819.0,-730.0,6479.0,1772.0,6,77.9,0.4276,4
117,160137.0,0.07,6480.59,99718.0,21546.0,93128.0,289314.0,289314.0,-1364.0,9155.0,750.0,6,79.2,0.4304,4
118,167137.0,0.06,6976.08,107213.0,22959.0,108089.0,311455.0,311455.0,-76.0,83615.0,492.0,7,81.8,0.4177,4
119,177990.0,0.05,7432.11,123712.0,25318.0,122118.0,336941.0,336941.0,-632.0,46308.0,259.0,7,85.85858585858585,0.42677863091391444,4
120,106544.0,0.03,6189.03,48117.0,10671.0,39380.0,190944.0,191634.0,-690.0,43698.0,252.0,8,76.5,0.4522,3
121,111896.0,0.0075,5824.04,52428.0,9878.0,40219.0,182312.0,182312.0,-172.5,58864.0,-162.0,8,70.3,0.45,3
122,109741.0,0.0075,6350.62,54308.0,10422.0,42915.0,188965.0,188965.0,-172.5,43642.0,60.0,8,78.5,0.4496,3
123,116362.0,0.0075,6306.22,55247.0,12765.0,48713.0,197541.0,197541.0,-172.5,68814.0,-91.0,8,79.85436893203884,0.45916792981986354,3
124,64980.0,0.08,6415.73,62267.0,11180.0,57841.0,147735.0,147658.0,77.0,14130.0,160.0,7,74.0,0.4188,7
125,68765.0,0.08,6592.58,64098.0,11248.0,58808.0,150812.0,150812.0,1307.0,20094.0,349.0,7,78.6,0.4186,7
126,72979.0,0.08,6938.72,70303.0,12148.0,65106.0,160920.0,160920.0,1279.0,9362.0,432.0,7,77.7,0.4185,7
127,75635.0,0.11,7283.84,74132.0,14190.0,62749.0,169594.0,169594.0,4777.0,7705.0,245.0,7,78.14070351758794,0.4292667530709361,7
128,1901217.0,0.06,5156.39,1348770.0,502627.0,1805998.0,4813749.0,4818404.0,-4655.0,86348.0,-7851.0,3,34.0,0.4316,10
129,1971242.0,0.06,5202.2,1466675.0,530056.0,1912338.0,5175500.0,5175500.0,-224.0,145686.0,-7952.0,3,37.1,0.4331,10
130,2059650.0,0.05,5751.1,1582507.0,575781.0,2167112.0,5470000.0,5470000.0,-2434.25,87608.0,-6008.0,2,35.4,0.431,10
131,2123947.0,0.04,6111.56,1884549.0,612749.0,2536212.0,6000000.0,6000000.0,-4858.0,140504.0,-6048.0,2,37.53707438604817,0.4404632135871971,10
132,40971.0,0.04,5843.68,51682.0,9308.0,64164.0,124412.0,124694.0,-282.0,5114.0,73.0,7,66.2,0.4177,3
133,41229.0,0.04,5536.55,52286.0,9798.0,59573.0,116111.0,116111.0,-127.0,7238.0,258.0,7,70.9,0.4176,3
134,36798.0,0.04,6029.14,59327.0,9950.0,74324.0,130139.0,130139.0,-76.0,52531.0,-24.0,7,73.3,0.4193,3
135,39240.0,0.04,6452.01,63068.0,10420.0,78746.0,138048.0,138048.0,-58.0,17615.0,219.0,7,73.95498392282958,0.4370723223409084,4
136,310992.0,0.02,6418.94,283589.0,47231.0,199894.0,672333.0,675099.0,-2766.0,82695.0,1693.0,8,80.5,0.456,5
137,332172.0,0.01,6662.44,307751.0,47719.0,213956.0,719065.0,719065.0,-2682.0,128198.0,920.0,8,80.2,0.4553,5
138,349702.0,0.01,7543.86,340936.0,50244.0,281684.0,820359.0,820359.0,-2701.0,118328.0,-44.0,8,77.7,0.4588,5
139,358986.0,0.01,7430.46,368689.0,52177.0,249395.0,809639.0,809639.0,-1506.52,120494.0,24.0,8,80.53333333333333,0.4695491668283138,6
140,31699.0,0.16,5754.68,58092.0,9091.0,77625.0,129043.0,130408.0,-1365.0,2766.0,35.0,3,53.4,0.3538,4
141,34134.0,0.08,6116.27,65457.0,9901.0,92283.0,143191.0,143191.0,-4928.0,1340.0,-21.0,3,65.5,0.3544,4
142,35761.0,0.04,6882.87,73448.0,9898.0,100575.0,150768.0,150768.0,-1000.0,1204.0,15.0,3,74.6,0.3497,4
143,35844.0,0.05,7620.98,81098.0,11218.0,110078.0,162491.0,162491.0,2941.0,33.0,34.0,3,77.3469387755102,0.3702153637118176,5
144,141364.0,0.02380201968225381,5115.69,70544.0,27711.0,74413.0,268236.0,268273.0,37.0,10787.0,-525.0,6,69.3,0.4104,7
145,145653.0,0.01367527134326802,5421.43,66904.0,27952.0,75901.0,273860.0,273860.0,58.0,9050.0,-274.0,6,74.8,0.4086,7
146,152709.0,0.005000365475217458,5615.14,75408.0,32542.0,88465.0,298610.0,298610.0,46.0,3932.0,-366.0,6,78.5,0.4087,7
147,162419.0,0.003806106167342537,5902.34,76344.0,35030.0,89570.0,303090.0,303090.0,7.0,578.0,-699.0,6,76.22504537205081,0.4215525680957466,7
148,163625.0,0.09611310037794987,4655.11,98392.0,54644.0,178932.0,369034.0,391522.0,22488.0,57898.0,-757.0,4,49.1,0.3619,4
149,167505.0,0.041996968498994806,4961.81,111009.0,59210.0,182742.0,406099.0,406099.0,8406.0,67565.0,-711.0,4,52.5,0.3619,4
150,179910.0,0.09348684708861307,5381.28,132187.0,63870.0,207672.0,448554.0,448554.0,27597.0,61601.0,-470.0,3,55.4,0.3597,4
151,190576.0,0.08167538216017103,5750.96,158819.0,62318.0,227733.0,480220.12,480220.0,28520.0,65434.0,-273.0,3,59.04255319148937,0.3775488079996575,4
152,68969.0,0.1,6349.21,62922.0,21304.0,84447.0,180654.0,180686.0,-32.0,3612.0,-126.0,4,55.8,0.3762,4
153,74301.0,0.11,7005.08,62189.0,21045.0,96076.0,193249.0,193249.0,4377.0,2869.0,-192.0,4,52.6,0.3755,4
154,76104.0,0.11,6898.45,65064.0,21855.0,85849.0,187048.0,187048.0,646.0,2292.0,-268.0,4,58.6,0.3758,4
155,80084.0,0.1,6772.26,52122.0,23301.0,78648.0,182503.0,182503.0,-25.0,5596.0,-492.0,4,60.27027027027027,0.39335456294527305,4
156,21458.0,0.02,3655.19,65310.0,41986.0,144201.0,236403.0,236509.0,106.0,16738.0,-104.0,1,5.0,0.3848,7
157,18580.0,0.01,3565.1,67373.0,47914.0,151614.0,242687.0,242687.0,380.0,22810.0,67.0,1,1.3,0.3819,7
158,20993.0,0.01,3653.96,73439.0,47274.0,157637.0,249027.0,249027.0,1898.0,29997.0,-7.0,1,2.0,0.3846,7
159,20958.0,0.01,3963.01,98165.0,53352.0,188355.0,289374.0,289374.0,99.0,58485.0,-180.0,1,3.113879003558719,0.3994746016200159,3
160,213314.0,0.05,5566.04,261395.0,19010.0,209468.0,500426.0,500577.0,-151.0,30739.0,225.0,8,87.9,0.4313,7
161,222232.0,0.05,5761.38,275123.0,20034.0,220303.0,527840.0,527840.0,-501.0,13806.0,157.0,8,89.9,0.436,7
162,235632.0,0.04,6191.38,295722.0,23169.0,233348.0,558200.0,558200.0,-546.0,62019.0,40.0,8,89.6,0.4346,7
163,257779.0,0.03,6579.06,317433.0,25126.0,250585.0,603458.0,603458.0,-712.0,85493.0,6.0,8,88.671875,0.4456267717016824,8
164,80607.0,0.08,7099.39,80479.0,18710.0,133097.0,288711.0,290045.0,-1334.0,3393.0,-502.0,6,76.8,0.3833,9
165,81167.0,0.09,6488.46,83774.0,21389.0,103409.0,261050.0,261050.0,-168.6,3208.5,-589.0,6,77.7,0.3848,9
166,87605.0,0.08,6829.18,88542.0,22431.0,105615.0,281593.0,281593.0,-115.0,610.0,-494.0,6,79.2,0.3857,9
167,94883.0,0.08,7095.94,94454.0,26565.0,111468.0,295325.0,295325.0,-47.0,1331.0,-464.0,6,85.59670781893004,0.3977541947911605,9
168,43951.0,0.08,5540.87,31782.0,13786.0,67372.0,135031.0,135668.0,-637.0,2579.0,-207.0,5,64.3,0.3786,5
169,44121.0,0.07,5856.09,34189.0,16000.0,73595.0,141541.0,141541.0,-444.0,545.0,-407.0,5,67.4,0.38,5
170,44120.0,0.07,6250.46,36315.0,17393.0,82302.0,151540.0,151540.0,-122.0,203.0,-176.0,5,68.5,0.3796,5
171,45676.0,0.07,6645.1,40295.0,18092.0,82827.0,157389.0,157389.0,1052.0,174.0,-91.0,5,73.44262295081967,0.3936241371740866,6
172,142979.0,0.12,6001.64,75640.0,34554.0,127571.0,379796.0,378263.0,1533.0,16097.0,-54.0,6,77.0,0.4137,6
173,154723.0,0.11,6207.7,75155.0,33810.0,116830.0,368775.0,368775.0,316.0,8105.0,-178.0,6,76.4,0.4114,6
174,156237.0,0.11,6613.75,76865.0,34075.0,119125.0,381645.0,381645.0,3125.0,11457.0,-115.0,6,74.2,0.4123,6
175,159063.0,0.18,6763.77,84300.0,35570.0,126870.0,395050.0,395050.0,24498.0,10870.0,-162.0,6,70.07978723404256,0.427002869676797,6
176,138106.0,0.0055628361591175905,7051.45,143515.0,17642.0,100759.0,324550.0,324741.0,191.0,49485.0,611.0,8,86.1,0.4377,6
177,144882.0,0.0008436990502685015,7124.35,150665.0,17648.0,103653.0,325873.0,325873.0,125.0,20517.0,639.0,3,51.6,0.3879,5
178,151680.0,0.002497855102683565,7617.99,168284.0,19673.0,113028.0,350962.0,350962.0,550.0,15659.0,543.0,3,59.9,0.3882,5
179,159623.0,0.0031706137214487025,7745.39,174152.0,21448.0,124093.0,370455.0,370455.0,286.0,75437.0,180.0,3,60.55172413793104,0.39751827453669697,5
180,83302.0,0.2,3756.83,100093.0,37009.0,164064.0,301707.0,303576.0,-1869.0,8748.0,-320.0,3,54.7,0.3823,5
181,77539.0,0.15,4243.23,105512.0,40554.0,165773.0,322342.0,322342.0,-49.0,9344.0,-544.0,5,62.5,0.3847,9
182,84290.0,0.19,4709.15,129252.0,44210.0,199029.0,363020.0,363020.0,17519.0,3368.0,-439.0,5,69.7,0.3848,9
183,82834.0,0.26,4935.26,141400.0,44234.0,211120.0,363956.0,363956.0,21046.0,5537.0,-600.0,5,74.08829174664108,0.4050872187035994,9
184,77182.0,0.033449428810253555,7635.32,63292.0,13033.0,42925.0,188203.0,189265.0,1062.0,158699.0,-266.0,7,82.8,0.4329,4
185,80096.0,0.03979341122198265,7244.17,65550.0,12590.0,43268.0,186850.0,186850.0,1733.0,154917.0,-115.0,7,83.9,0.4299,4
186,82057.0,0.05910587235850059,7443.57,64220.0,13188.0,44263.0,186776.0,186776.0,3196.0,151120.0,-133.0,7,77.5,0.4293,4
187,85047.0,0.06950370780539179,7274.34,67300.0,15484.0,49655.0,190483.46,190483.0,1671.0,181190.0,-63.0,7,80.66914498141264,0.43896858258150184,5
188,34044.0,0.07,4947.64,58048.0,17109.0,98074.0,164999.0,161707.0,3292.0,7859.0,220.0,3,55.8,0.3885,2
189,38288.0,0.03,4932.58,50156.0,18758.0,89272.0,158906.0,155906.0,2610.0,12990.0,490.0,3,59.1,0.3884,2
190,39681.0,0.03,5115.09,50377.0,18927.0,96081.0,168605.0,168605.0,382.0,21832.0,358.0,3,59.2,0.3876,2
191,47865.0,0.04,5838.09,54304.0,20033.0,102809.0,184570.0,184570.0,3678.0,19281.0,668.0,3,60.526315789473685,0.39839833728532215,3
192,617719.0,0.04,5770.82,453237.0,129195.0,416487.0,1357897.0,1358215.0,-318.0,57316.0,-96.0,6,65.2,0.422,9
193,628904.4,0.04,5888.99,496575.0,135693.0,446864.0,1430267.0,1430267.0,-431.0,8485.0,-694.0,6,68.9,0.4269,9
194,670485.0,0.03,6319.76,542860.0,145705.0,499639.0,1524054.0,1524054.0,-750.0,18268.0,-1005.0,6,69.1,0.4252,9
195,694680.2,0.03,6566.82,599278.0,161538.0,543854.0,1636656.0,1636656.0,-1885.0,47882.0,-968.0,6,71.68472170339932,0.4419695355143445,9
196,23849.0,0.28,5351.72,73177.0,15687.0,109367.0,162579.98,158051.0,4529.0,2030.0,20.0,3,70.6,0.3852,3
197,25321.0,0.21,6136.09,76847.0,17177.0,120413.0,172824.0,172824.0,58.0,379.0,95.0,3,68.8,0.3889,3
198,28013.0,0.2,6160.88,81209.0,18838.0,130983.0,186327.0,186327.0,6383.0,447.0,67.0,3,61.2,0.392,3
199,26093.0,0.3,6583.73,88852.0,21097.0,130528.0,193512.0,193512.0,21084.0,514.0,6.0,3,61.96943972835314,0.40725540330798427,3
200,113801.0,0.14,6655.28,109143.0,39258.0,138891.0,365967.0,366571.0,-604.0,8925.0,-553.0,4,70.2,0.3797,7
201,122085.0,0.13,6949.8,114941.0,40925.0,143225.0,370444.0,370444.0,-338.0,17797.0,-740.0,4,68.6,0.3813,7
202,128180.0,0.13,7285.06,121298.0,42822.0,153561.0,389838.0,389838.0,14.0,20124.0,-372.0,4,72.5,0.3785,7
203,134247.0,0.12,7820.38,133246.0,45386.0,164201.0,428340.0,428340.0,-121.0,23781.0,-453.0,4,67.1875,0.39651978417301703,7
204,123721.0,0.04,6158.39,97761.0,35014.0,112582.0,299587.0,299796.0,-209.0,11419.0,680.0,5,64.5,0.3991,9
205,132735.0,0.03,6500.05,116716.0,37860.0,128080.0,324527.0,324527.0,-203.0,22796.0,1092.0,5,56.7,0.399,9
206,141328.0,0.03,6431.54,125496.0,39479.0,141004.0,353689.0,353689.0,-297.0,4942.0,1275.0,5,62.2,0.3946,9
207,147582.0,0.05,6265.17,111143.0,47481.0,123208.0,357781.0,357781.0,-471.0,7733.0,1495.0,5,66.37630662020906,0.41198310205121813,9
208,16610.0,0.13,5422.63,66469.0,11559.0,98624.0,133836.0,133870.0,-34.0,1363.0,27.0,2,69.3,0.3563,3
209,17750.0,0.13,5379.26,71969.0,13306.0,104091.0,138948.0,138948.0,901.0,1403.0,30.0,2,70.6,0.3938,3
210,19551.0,0.16,5975.9,78718.0,14305.0,109768.0,147692.0,147692.0,5845.0,926.0,47.0,2,72.9,0.3913,3
211,19265.0,0.2,6106.13,80624.0,14410.0,113495.0,150481.0,150481.0,6643.0,746.0,-37.0,2,78.37301587301587,0.403864386986892,4
212,51187.0,0.1,4230.71,32962.0,19125.0,63612.0,149066.0,148743.0,323.0,1252.0,-369.0,4,60.3,0.4252,6
213,50852.0,0.06,5370.7,33931.0,20197.0,63594.0,157482.0,157482.0,-19.0,1146.0,-72.0,4,60.7,0.418,6
214,50710.0,0.06,5663.38,36895.0,22591.0,77466.0,169999.0,169999.0,-8.0,1330.0,169.0,4,55.9,0.4206,6
215,55602.0,0.05,5888.76,41558.0,23471.0,87935.0,180950.0,180950.0,-50.0,7400.0,255.0,4,57.34265734265735,0.4306396374604611,7
216,941738.0,0.11,6380.56,567096.0,117984.0,395911.0,1611953.0,1611995.0,-42.0,27580.0,1858.0,7,71.1,0.4183,6
217,961554.0,0.1,6485.7,622746.0,125056.0,437514.0,1661418.0,1661418.0,-2264.0,96792.0,1348.0,7,72.8,0.4193,6
218,978289.0,0.1,6726.46,687065.0,134629.0,481277.0,1773714.0,1773714.0,-734.0,119919.0,645.0,7,75.2,0.4204,6
219,1010140.0,0.09,6960.19,717501.0,148474.0,528146.0,1843895.0,1843895.0,-1618.0,86642.0,136.0,7,75.51546391752578,0.4353497332653675,6
220,55632.0,0.18,5381.45,47862.0,28578.0,109186.0,195858.0,193901.0,1957.0,9798.0,-540.0,2,43.0,0.4259,8
221,59773.0,0.2,5713.52,48878.0,28859.0,109635.0,199530.0,199530.0,5277.0,7711.0,-699.0,2,46.7,0.4284,8
222,53226.0,0.17,6388.01,54245.0,28859.0,127533.0,209993.0,209993.0,-124.0,9249.0,-417.0,2,49.8,0.4245,8
223,52263.0,0.14,7017.69,81722.0,30477.0,159481.0,245045.0,245045.0,-37.0,9776.0,-428.0,2,48.007968127490045,0.4364293195967217,8
224,11648.0,0.46,3590.26,31185.0,8677.0,51306.0,78160.0,78300.0,-140.0,1506.0,7.0,2,45.0,0.3694,2
225,12103.0,0.39,4251.13,37494.0,9212.0,60092.0,88808.0,88808.0,472.0,920.0,1.0,2,60.8,0.3728,2
226,10830.0,0.32,4991.26,54104.0,10079.0,76458.0,106843.0,106843.0,872.0,220.0,-64.0,2,65.8,0.374,2
227,13521.0,0.42,6736.65,73038.0,10736.0,99147.0,131200.0,131200.0,20038.0,478.0,-62.0,2,70.73170731707317,0.3894638235960204,5
228,93979.0,0.18,6328.79,94619.0,13232.0,88513.0,246557.0,246572.0,-15.0,84246.0,674.0,8,77.8,0.459,2
229,99693.0,0.17,6514.56,98594.0,13990.0,85610.0,254800.0,254800.0,-47.0,58537.0,389.0,8,84.4,0.4579,2
230,108412.0,0.15,6958.23,105712.0,14627.0,93502.0,272576.0,272576.0,-184.0,30208.0,283.0,8,88.6,0.4584,2
231,113111.0,0.15,7187.7,118689.0,14630.0,105260.0,289305.0,289305.0,-236.0,206801.0,72.0,8,87.816091954023,0.46655745587584385,2
232,151110.0,0.03,6365.39,127634.0,35226.0,142767.0,383846.0,385604.0,-1758.0,23890.0,507.0,6,70.7,0.416,8
233,152127.0,0.03,6228.41,132794.0,37369.0,148390.0,383432.0,383432.0,-2237.0,49683.0,400.0,6,71.5,0.4131,8
234,158144.0,0.02,6682.18,145755.0,41667.0,161510.0,407298.0,407298.0,-25.0,9314.0,185.0,6,76.6,0.4127,8
235,164914.0,0.02,6969.09,163790.0,47212.0,172478.0,432502.0,432502.0,-832.0,32786.0,50.0,6,76.5867418899859,0.425989075293428,9
236,116242.0,0.07,6122.01,82958.0,23412.0,62128.0,267128.0,268135.0,-1007.0,17913.0,-333.0,7,71.3,0.4201,7
237,118981.0,0.06,6579.89,96312.0,23596.0,62854.0,287263.0,287263.0,-1495.0,49789.0,-25.0,7,69.8,0.4204,7
238,124761.0,0.05,6999.5,99317.0,24462.0,62510.0,291584.0,291584.0,-1152.0,47042.0,-167.0,7,72.1,0.4203,7
239,137040.0,0.05,7365.1,107862.0,26091.0,66766.0,312195.0,312195.0,-1012.0,34793.0,49.0,7,74.42396313364056,0.42893984199462254,8
240,163329.0,0.1,7850.32,162728.0,39193.0,185023.0,446236.0,431442.0,14794.0,14204.0,168.0,4,58.2,0.3838,4
241,189298.0,0.14,7994.2,156022.0,43332.0,171271.0,522198.0,522198.0,20372.0,28444.0,-144.0,4,62.4,0.3789,4
242,210339.0,0.23,8213.92,157415.0,40632.0,177479.0,501781.0,501781.0,40792.0,10346.0,-163.0,4,61.1,0.3737,4
243,215927.0,0.28,8889.2,167935.0,46988.0,215548.0,490997.0,486017.0,48935.0,16399.0,366.0,4,63.48314606741573,0.38505112873755487,5
244,55070.0,0.12,4966.66,71601.0,32197.0,124390.0,224796.0,217091.0,7705.0,9613.0,-311.0,5,72.3,0.3978,3
245,57339.0,0.09,5101.11,74367.0,32274.0,124128.0,229429.0,229429.0,-101.0,8787.0,-469.0,5,66.8,0.3968,3
246,58675.0,0.1,5137.3,73091.0,34597.0,127973.0,234989.0,234989.0,6968.0,24233.0,-345.0,5,67.6,0.3975,3
247,59098.0,0.29,6382.51,61150.0,36839.0,116535.0,234624.0,234624.0,48122.0,13998.0,-538.0,5,69.89528795811518,0.41304058594513204,3
248,82054.0,0.11,5095.12,72783.0,21680.0,77325.0,234875.0,239222.0,-4347.0,27267.0,259.0,7,72.7,0.4286,4
249,83855.0,0.08,5117.02,73782.0,20568.0,81079.0,239448.0,239448.0,-3223.0,29571.0,252.0,7,67.7,0.4279,4
250,87496.0,0.07,5407.21,80753.0,21774.0,82508.0,253599.0,253599.0,-441.0,26238.0,262.0,7,79.1,0.4278,4
251,90209.0,0.06,5741.04,51044.0,21865.0,78847.0,227341.0,227341.0,-1528.0,34639.0,160.0,7,76.10441767068274,0.4395333991451347,4
252,52939.0,0.24,7523.53,46359.0,19885.0,84657.0,178571.0,172884.0,5687.0,31931.0,-249.0,3,57.4,0.3648,1
253,56854.0,0.19,7710.72,51488.0,23518.0,86220.0,173430.0,173430.0,1420.0,33021.0,-148.0,3,61.2,0.366,1
254,55238.0,0.13,7938.39,58606.0,25898.0,105070.0,187058.0,187058.0,-4.0,30783.0,23.0,3,65.2,0.3615,1
255,58154.0,0.13,8055.94,64301.0,29166.0,112809.0,206095.0,206095.0,-3.0,44446.0,226.0,3,61.408450704225345,0.37790088625734797,2
256,44760.0,0.24,6472.56,47453.0,22035.0,82574.0,160610.1,154000.0,6610.0,9299.0,-188.0,5,63.3,0.3814,4
257,47973.0,0.27,6998.5,46045.0,22067.0,77749.0,163940.3,152660.0,11161.0,8881.0,-418.0,5,61.8,0.3831,4
258,47091.0,0.26,7545.39,48125.0,23152.0,85290.0,173294.2,163691.0,10603.0,8752.0,-397.0,5,70.6,0.3746,4
259,47960.0,0.22,7829.7,51483.0,23427.0,89977.0,180704.0,171236.0,11648.0,8438.0,-419.0,5,67.1875,0.3946471607038555,5
260,143354.0,0.009969375286006669,6871.58,116476.0,24949.0,101696.0,302047.0,305409.0,3362.0,58069.0,115.0,7,74.3,0.4325,5
261,153046.0,0.009056002165152047,7226.88,125599.0,23527.0,120834.0,329065.0,329065.0,3318.0,71660.0,1882.0,7,74.3,0.4351,5
262,173543.0,0.014775632640056368,7514.42,149608.0,32729.0,139710.0,374324.0,374324.0,4421.0,58448.0,4119.0,7,76.1,0.4199,5
263,195944.0,0.01715787983381584,7164.16,174652.0,34703.0,154009.0,417850.0,417850.0,4325.0,64573.0,4708.0,7,74.64239271781534,0.42687308308963134,5
264,34447.0,0.09562802466086971,4782.0,100734.0,27573.0,138323.0,231927.0,230811.0,23.0,29923.0,6.0,2,57.5,0.352,7
265,27514.0,0.15865661763135983,5935.286885245902,29837.0,21688.0,70200.0,144821.0,140511.0,-4307.0,13723.0,-102.0,3,37.7,0.3778,3
266,96363.0,0.09110382355541624,6972.114285714286,57584.0,32220.0,64789.0,244024.0,248826.0,143.0,14555.0,-359.0,5,63.7,0.4082,3
267,31086.0,0.2890259411026423,8230.188679245282,37639.0,15059.0,54154.0,130860.0,120311.0,-9614.0,7066.0,-8.0,4,61.5,0.3574,2
268,229111.0,0.14167073372403974,10561.948608137045,118505.0,33111.0,115825.0,493243.0,495854.0,-13107.0,53353.0,-472.0,5,53.9,0.3712,8
269,27669.0,0.04515685420184086,3698.1909547738696,33398.0,17755.0,65132.0,147188.0,146888.0,-4104.0,25896.0,-75.0,2,32.4,0.3934,3
270,26951.0,0.04819221417940113,6137.5842696629215,23906.0,13472.0,42831.0,109249.0,108171.0,206.0,14299.0,-191.0,5,62.4,0.3652,8
271,604352.0,0.019035201094807268,6333.367875647668,371216.0,154307.0,324863.0,1344574.0,1315300.0,6693.0,102424.0,-1139.0,5,58.8,0.4157,7
272,272792.0,0.016204891950611745,5905.221465076661,190460.0,88181.0,197297.0,693273.0,695469.0,3210.0,68175.0,879.0,5,65.0,0.4159,7
273,32986.0,0.36450544538361507,5251.84659090909,187098.0,21098.0,205835.0,119524.0,117976.0,452.0,24568.0,-24.0,3,56.1,0.314,5
274,553976.0,0.12430783166087263,6054.645950076413,293094.0,174900.0,302050.0,1188527.0,1267394.0,1719.0,101729.0,-2224.0,5,63.3,0.4433,7
275,24420.0,0.37480965705733066,10501.420118343196,24946.0,20325.0,76310.0,177474.0,153670.0,-22135.0,23838.0,-196.0,4,53.3,0.3691,5
276,100173.0,0.004995196435141654,4295.510688836104,90470.0,52165.0,133662.0,361682.0,391376.0,297.0,58563.0,1548.0,3,41.9,0.4249,8
277,15550.0,0.08072052511709372,4852.64483627204,26793.0,22027.0,71472.0,192650.0,178703.0,-6120.0,61541.0,384.0,1,37.8,0.3704,6
278,261878.0,0.10418310490520419,6091.794243723209,272556.0,132023.0,382696.0,994790.0,986014.0,-9623.0,83232.0,-1047.0,3,46.8,0.4177,2
279,267900.0,0.11219487192934986,6443.057722308893,157674.0,105527.0,207966.0,826000.0,838951.0,-68564.0,83183.0,-816.0,5,59.7,0.3701,3
280,53069.0,0.03322191423446926,6641.861471861472,32334.0,10289.0,24462.0,153427.0,147192.0,5550.0,38588.0,33.0,8,76.4,0.4507,3
281,162811.0,0.2838472376551294,6129.524680073126,65717.0,27713.0,56114.0,335285.0,362681.0,2201.0,41106.0,-208.0,8,78.1,0.4491,2
282,61186.0,0.1256923601935546,7079.598765432099,43649.0,36136.0,92192.0,229379.0,228566.0,-14273.0,22243.0,-157.0,4,60.6,0.4449,4
283,149713.0,0.07288462354709933,8448.13627254509,98890.0,23207.0,61221.0,421562.0,447639.0,988.0,83495.0,144.0,8,79.7,0.4871,7
284,410354.0,0.06397197520883859,10663.945885005636,187508.0,68843.0,136671.0,945892.0,927750.0,16992.0,183138.0,-410.0,8,76.5,0.5038,7
285,253152.0,0.1686290392570949,6478.448484848484,114678.0,71628.0,102413.0,534472.0,553072.0,-10073.0,50738.0,53.0,5,55.9,0.4146,8
286,435344.0,0.00983135175120953,5600.164293537788,277258.0,109013.0,249676.0,1022590.0,1173389.0,1554.0,69741.0,-255.0,5,69.1,0.406,5
287,1185902.0,0.01084818280041198,10249.781724010358,367612.0,237737.0,694588.0,2770516.0,2771985.0,20452.0,552441.0,-509.0,7,69.3,0.4857,9
288,101484.0,0.4228990281666941,7852.182254196642,64723.0,45013.0,78484.0,327436.0,303550.0,-36525.0,40795.0,-198.0,4,47.1,0.3949,6
289,19264.0,0.05867621814831053,4356.02863,19264.0,14685.0,73690.0,167241.0,167365.0,108.0,14098.0,46.0,3,38.7,0.3406,5
290,21035.0,0.4162402923709456,3681.7596566523603,17083.0,12505.0,79855.0,85785.0,87560.0,61.0,12081.0,25.0,3,40.9,0.3553,5
291,83478.0,0.028789513916992672,9635.191256830602,15679.0,32589.0,81754.0,176324.0,177912.0,3526.0,7265.0,-234.0,4,54.2,0.3927,5
292,23720.0,0.20048450197625806,4915.01661129568,19897.0,18142.0,95643.0,147942.0,149019.0,265.0,16389.0,-7.0,3,57.9,0.3353,4
293,117162.0,0.06758475787547882,7445.435435435436,65811.0,24204.0,58893.0,247933.0,279856.0,-2613.0,20521.0,-282.0,5,67.2,0.4572,4
294,92171.0,0.022614764136000644,7399.420289855072,28279.0,12704.0,21743.0,204224.0,211499.0,785.0,25822.0,135.0,7,74.7,0.4564,3
295,49047.0,0.07017994470213183,6490.923076923077,38741.0,12445.0,41282.0,126573.0,132374.0,-869.0,11073.0,94.0,6,68.0,0.4156,7
296,1658103.0,0.057965265929811445,5838.743162605669,956207.0,513348.0,1167430.0,4696685.0,4719516.0,4325.0,881819.0,-7362.0,4,30.8,0.4433,10
297,33623.0,0.004524686155347558,5776.7692307692305,35351.0,11562.0,38880.0,112647.0,112715.0,35.0,23144.0,282.0,7,61.3,0.41984813783277763,3
298,245381.0,0.028572133641462764,7955.223367697595,191075.0,58888.0,128971.0,694491.0,688888.0,2069.0,159096.0,707.0,8,76.5,0.4643,5
299,16453.0,0.21397673492856828,5625.5,34720.0,8396.0,55528.0,112510.0,113045.0,-839.0,16823.0,29.0,3,26.4,0.3275,4
300,124539.0,0.04429063806987661,5571.476510067114,56256.0,32927.0,58119.0,249045.0,250098.0,1811.0,23495.0,-480.0,5,60.8,0.4119,7
301,139067.0,0.0482659085490747,5537.425320056899,75282.0,61944.0,151427.0,389281.0,390089.0,3308.0,41858.0,-839.0,4,37.7,0.358,4
302,57026.0,0.055612087176052344,6457.468879668049,33562.0,23974.0,54018.0,155625.0,155272.0,0.0,16244.0,-167.0,5,41.0,0.3849,4
303,15619.0,0.03337588210432845,4440.191938579655,35715.0,35459.0,97571.0,231334.0,234241.0,4998.0,66325.0,1034.0,1,40.2,0.3942,7
304,164292.0,0.034529383146628255,5661.084788029925,177141.0,18354.0,128248.0,454019.0,474813.0,176.0,93981.0,1297.0,8,79.1,0.43,7
305,73613.0,0.03891035999267021,6700.304709141274,65308.0,18118.0,68364.0,241881.0,240116.0,3786.0,32841.0,-81.0,5,66.5,0.3817,9
306,29032.0,0.2071962600039507,8576.047619047618,26410.0,17401.0,56953.0,180097.0,167059.0,-33654.0,17623.0,-180.0,5,54.2,0.3737,5
307,129756.0,0.11032727648745067,6747.433460076046,61685.0,38655.0,85007.0,354915.0,348146.0,-5649.0,41570.0,119.0,5,59.9,0.4123,6
308,115629.0,0.0023349442845960466,7299.564164648911,70178.0,22299.0,93514.0,301472.0,374313.0,587.0,49407.0,1077.0,7,69.9,0.4385,6
309,73338.0,0.11933673402483641,4307.109905020353,93520.0,44942.0,60579.0,317434.0,305036.0,75.0,44179.0,-370.0,3,50.9,0.3711,5
310,100218.0,0.006506791883280228,6419.310344827586,68627.0,45298.0,124110.0,260624.0,268335.0,89.0,10236.0,-265.0,5,55.1,0.3751,9
311,65681.0,0.04597488259825301,7104.208333333333,42303.0,15712.0,32032.0,170501.0,167374.0,214.0,12860.0,-137.0,7,80.5,0.4348,4
312,24727.0,0.08521896146851113,6551.25,49652.0,17244.0,83611.0,183435.0,230383.0,-5909.0,42319.0,8.0,3,46.3,0.3827,2
313,511124.0,0.028600790513833994,7081.6183447548765,341885.0,146335.0,305863.0,1343383.0,1328250.0,251.0,233973.0,640.0,5,64.2,0.4237,9
314,19436.0,1.2110716167200548e-05,6154.907749077491,51065.0,13959.0,89195.0,166798.0,165143.0,23.0,15700.0,-30.0,2,54.2,0.3567,3
315,97296.0,0.1256236065089122,7154.4731182795695,53505.0,43774.0,109528.0,332683.0,324724.0,-4210.0,57837.0,-459.0,4,57.0,0.3779,7
316,103346.0,0.037891026582464384,8081.089588377725,73052.0,36562.0,80492.0,333749.0,347259.0,835.0,54681.0,37.0,5,54.4,0.3918,9
317,11407.0,0.09055407659080786,4415.045045045045,37339.0,11068.0,65067.0,98014.0,96539.0,224.0,10209.0,42.0,2,45.4,0.355450079396574,3
318,44057.0,0.09947352082158628,6889.273504273505,28692.0,21009.0,56070.0,161209.0,157841.0,-10854.0,9521.0,-216.0,5,48.2,0.4499,6
319,716121.0,0.11345932541394066,7509.039923954372,393619.0,137104.0,253548.0,1579902.0,1565019.0,104.0,314851.0,1908.0,6,66.6,0.4211,6
320,51914.0,0.1598875765805596,5819.472049689441,36745.0,31703.0,90476.0,187387.0,189996.0,-913.0,12834.0,-432.0,4,44.7,0.4322,8
321,6611.0,0.47604983535322676,2983.5858585858587,17849.0,7437.0,35923.0,59075.0,58914.0,-1685.0,3756.0,5.0,2,35.1,0.3504,2
322,79431.0,0.2428802136043582,7631.167664670659,65936.0,16356.0,51170.0,254881.0,232205.0,-2864.0,48946.0,443.0,8,82.5,0.4715,2
323,115798.0,0.0491582550843505,6215.884615384615,90479.0,40268.0,100355.0,323226.0,340899.0,3794.0,15097.0,34.0,5,61.8,0.4302,8
324,98512.0,0.07362942275257975,7318.803191489362,65576.0,27311.0,35137.0,275187.0,275705.0,-2029.0,21014.0,253.0,6,64.3,0.4341,7
325,130003.0,0.005112260976325038,8019.163179916319,124939.0,44581.0,136421.0,383316.0,402366.0,-5866.0,44008.0,-514.0,4,55.0,0.3708,4
326,50417.0,0.04382902912761982,5324.842931937173,54018.0,36044.0,100751.0,203409.0,207123.0,75.0,10065.0,-224.0,5,61.9,0.4041,3
327,68425.0,0.11654734049757377,5747.519582245432,59202.0,23850.0,48597.0,220130.0,214119.0,-4150.0,22538.0,-171.0,6,60.2,0.4362,4
328,40051.0,0.21003869227219482,8325.598086124402,33934.0,24708.0,65211.0,174005.0,169026.0,-5603.0,13334.0,-90.0,4,37.4,0.3603,1
329,37356.0,0.17742177066040915,7502.782608695652,52811.0,23279.0,82479.0,172564.0,160234.0,-8881.0,20024.0,-293.0,5,60.1,0.3792,4
330,124396.0,0.023721542501653824,7195.513784461154,86489.0,28066.0,75621.0,287101.0,299306.0,1798.0,39715.0,-80.0,6,71.1,0.4445,5
331,22986.0,0.11254666234338496,5002.161616161616,119393.0,31851.0,160431.0,247607.0,240558.0,-5002.0,23860.0,-94.0,2,51.4,0.3638,7
332,34573.0,0.13801401819980494,5932.642276422764,30935.0,23398.0,76679.0,145943.0,142529.0,-1644.0,15653.0,-278.0,3,42.9,0.3766,3
333,38498.0,0.08493575207860922,7484.44759206799,63949.0,35973.0,69506.0,264201.0,264600.0,195.0,21899.0,-441.0,5,68.2,0.4046,3
334,11451.0,0.23548500263111735,8661.358024691359,32407.0,16577.0,49883.0,140314.0,136824.0,-4305.0,10110.0,-70.0,4,70.2,0.3584,2
335,61585.0,0.13651324371731216,10964.381551362683,133053.0,35495.0,131481.0,523001.0,498274.0,-7773.0,51516.0,-425.0,5,54.1,0.3711,8
336,20302.0,0.07712459245127212,3435.169082125604,34637.0,19145.0,66600.0,142216.0,140474.0,-5189.0,17261.0,-438.0,2,30.9,0.3973,3
337,16625.0,0.04297280987025179,6638.241758241758,27571.0,13244.0,45405.0,120816.0,119308.0,86.0,10454.0,-140.0,5,55.9,0.3691,8
338,216190.0,0.019899346982172092,6550.9958120055835,403619.0,172243.0,369862.0,1407809.0,1418338.0,3187.0,101016.0,-1491.0,5,58.1,0.4181,7
339,93174.0,0.01371754896212336,6433.058333333333,205965.0,99877.0,223034.0,771967.0,772587.0,672.0,99845.0,1054.0,5,67.2,0.4177,7
340,16426.0,0.15593249392258307,4750.111940298508,42301.0,11928.0,65854.0,127303.0,128344.0,902.0,12786.0,49.0,3,48.7,0.314,5
341,222191.0,0.11180741503973494,7182.468322351749,333622.0,188210.0,345297.0,1417101.0,1395623.0,1506.0,242784.0,-909.0,5,65.3,0.4302,7
342,14693.0,0.3165217982955995,11042.151162790698,27453.0,23363.0,79600.0,189925.0,176367.0,-17448.0,26273.0,-182.0,4,58.5,0.3614,5
343,53750.0,0.010132231576113407,4548.853006681515,96445.0,65928.0,150037.0,408487.0,386292.0,-5869.0,78472.0,1014.0,3,39.0,0.4248,8
344,13513.0,0.09419595972076357,4648.752941176471,30499.0,24699.0,77526.0,197572.0,194244.0,-4372.0,57904.0,665.0,1,37.7,0.372,6
345,89873.0,0.09140568063429022,6363.110189573459,299483.0,147623.0,423784.0,1074093.0,1022245.0,-12470.0,136612.0,-1472.0,3,43.9,0.4182,2
346,156233.0,0.12224921620876357,6044.173106646059,179296.0,114809.0,241457.0,782116.0,765191.0,582.0,61310.0,-1101.0,5,63.5,0.371,3
347,39511.0,0.00957342773320218,6129.789029535865,35948.0,11716.0,29439.0,145276.0,174859.0,3216.0,18803.0,267.0,8,80.2,0.4501,3
348,106875.0,0.25659289883887587,7385.368043087971,72297.0,29782.0,58823.0,411365.0,392809.0,2154.0,80006.0,182.0,8,81.8,0.4464,2
349,28822.0,0.12044744838267106,7358.21752265861,46389.0,39630.0,99790.0,243557.0,237614.0,-10791.0,26069.0,-345.0,4,65.8,0.4466,4
350,79283.0,0.062203884573394715,9071.686274509804,113167.0,26489.0,73050.0,462656.0,477221.0,2941.0,133679.0,519.0,8,83.2,0.4823,7
351,167100.0,0.05327872202174917,10653.576233183856,210255.0,74690.0,158877.0,950299.0,978796.0,16799.0,201279.0,-350.0,8,80.0,0.5,7
352,93186.0,0.16752227513315304,7456.741973840666,117029.0,75819.0,109728.0,627112.0,602690.0,-12875.0,112326.0,368.0,5,57.4,0.4168,8
353,217738.0,0.00828066710652623,6028.607663248786,309983.0,118117.0,279915.0,1117101.0,1126117.0,2211.0,81415.0,-74.0,5,70.4,0.4058,5
354,439497.0,0.007219510599631631,10877.097722263043,404940.0,248993.0,747684.0,2960746.0,2935102.0,8881.0,684752.0,-662.0,7,69.4,0.4838,9
355,44497.0,0.5409089243173905,7384.556354916067,58756.0,47112.0,83320.0,307936.0,272850.0,-31012.0,21468.0,-394.0,4,46.2,0.4011,6
356,17083.0,0.13946857,4480.02863,17083.0,15967.0,79855.0,158365.0,157198.0,275.0,14143.0,23.0,3,53.9,0.3478,5
357,13150.0,0.40358708739407984,3726.8200836820088,15679.0,13684.0,43731.0,89071.0,88038.0,165.0,13426.0,-3.0,3,51.2,0.3592,5
358,11676.0,0.045343267131562774,9907.956989247312,19897.0,35009.0,60583.0,184288.0,188716.0,-3435.0,13874.0,-38.0,4,65.1,0.3932,5
359,19244.0,0.13848026369428235,5747.864406779661,62272.0,21673.0,103585.0,169562.0,171714.0,-153.0,14359.0,28.0,3,64.1,0.3437,4
360,39526.0,0.07355820076055894,7855.058479532163,74338.0,26972.0,69224.0,268643.0,266646.0,-700.0,44881.0,281.0,5,73.6,0.452,4
361,46052.0,0.018365246427267078,7221.792114695341,33913.0,14169.0,28503.0,201488.0,210833.0,911.0,30864.0,-72.0,7,77.0,0.4567,3
362,17141.0,0.06275280559710754,8001.133004926108,41464.0,13053.0,44730.0,162423.0,149077.0,-65.0,36877.0,346.0,6,66.1,0.4163,7
363,817755.0,0.05076466676406628,6368.53796148657,1068382.0,561229.0,1290090.0,5192269.0,5222471.0,8451.0,1093205.0,-8743.0,4,32.1,0.4424,10
364,35974.0,0.004407954507217605,6247.4,40091.0,12582.0,46406.0,124948.0,118876.0,-449.0,23144.0,80.0,7,69.2,0.4197243496736077,3
365,144545.0,0.020766487759152796,9078.576233183856,210871.0,63980.0,153960.0,809809.0,817182.0,2713.0,177800.0,1487.0,8,75.0,0.4608,5
366,7170.0,0.21629461579758585,5561.516587677725,44485.0,9480.0,64450.0,117348.0,115486.0,-3485.0,11639.0,-10.0,3,50.1,0.337,4
367,50201.0,0.043498969271643435,5970.489977728285,61432.0,34111.0,61759.0,268075.0,268742.0,613.0,24549.0,-624.0,5,59.0,0.41,7
368,47982.0,0.007481335777191649,5786.385372714487,78065.0,67792.0,159878.0,411412.0,447380.0,20125.0,65783.0,-753.0,4,44.3,0.3597,4
369,16491.0,0.054867192762967955,6938.729508196721,34521.0,26582.0,57071.0,169305.0,166256.0,-416.0,17644.0,-220.0,5,52.6,0.3817,4
370,11683.0,0.02743850459424459,4873.855855855856,40411.0,41583.0,106902.0,270499.0,275671.0,-254.0,77435.0,1215.0,1,36.9,0.3894,7
371,123986.0,0.02755335676712339,6389.1314837153195,202262.0,19888.0,158222.0,529659.0,527159.0,270.0,126256.0,1249.0,8,81.4,0.4268,7
372,40180.0,0.048165809734395396,7262.547425474255,72233.0,22702.0,76047.0,267988.0,262759.0,-3313.0,39120.0,-153.0,5,65.5,0.3774,9
373,17979.0,0.12890126307211736,6897.962085308056,27282.0,17324.0,61308.0,145547.0,147260.0,134.0,14434.0,-186.0,5,57.3,0.3736,5
374,69552.0,0.10027998303133144,7242.490566037736,66237.0,44685.0,99717.0,383852.0,412525.0,-2958.0,49131.0,-380.0,5,69.2,0.4104,6
375,63311.0,0.0039319894787039735,8172.767441860465,77313.0,24459.0,99703.0,351429.0,333419.0,437.0,75368.0,1050.0,7,74.9,0.436,6
376,39413.0,0.10733301172299287,4514.378378378378,108719.0,48324.0,72749.0,334064.0,337883.0,136.0,46751.0,-480.0,3,52.2,0.3757,5
377,22435.0,0.00522123446448044,6919.803921568628,77395.0,46913.0,136377.0,282328.0,276946.0,-300.0,15953.0,-190.0,5,58.2,0.3755,9
378,21060.0,0.05418054077557699,7612.241379310345,47257.0,17485.0,37211.0,176604.0,174786.0,1775.0,19238.0,-139.0,7,77.2,0.433,4
379,13010.0,0.07901432858531637,7570.348432055749,51901.0,18622.0,91177.0,217269.0,236590.0,-6172.0,59229.0,-14.0,3,51.2,0.383,2
380,288654.0,0.03579721347915657,7750.327783558793,375267.0,153235.0,340787.0,1489613.0,1351865.0,-10404.0,316662.0,720.0,5,65.9,0.4239,9
381,13720.0,0.00011581411225435218,5894.874551971327,59822.0,16834.0,93304.0,164467.0,164056.0,17.0,21184.0,19.0,2,64.3,0.3629,3
382,35804.0,0.09635527383759131,7485.0847457627115,94028.0,47062.0,119278.0,353296.0,362222.0,4881.0,35029.0,-545.0,4,59.6,0.3777,7
383,37085.0,0.035077740387174865,8871.079136690647,73515.0,41068.0,84354.0,369924.0,356893.0,640.0,108358.0,274.0,5,66.7,0.3982,9
384,13136.0,0.025117790151692704,5566.359649122807,46783.0,13995.0,74866.0,126913.0,123737.0,32.0,10209.0,17.0,2,48.9,0.35995066388320496,3
385,26386.0,0.09612873106765708,6922.426778242679,30895.0,23471.0,57645.0,165446.0,169221.0,-6016.0,13178.0,-128.0,5,47.8,0.3982,6
386,303860.0,0.11107906178768902,7403.384759233287,432128.0,148629.0,286220.0,1583584.0,1598231.0,36.0,278894.0,3019.0,6,67.6,0.4399,6
387,54098.0,0.13805397350827803,6315.451713395639,40746.0,34794.0,97715.0,202726.0,199987.0,-801.0,18502.0,-999.0,4,45.9,0.4214,8
388,6276.0,0.45013073748542987,3173.811881188119,18467.0,9391.0,37818.0,64111.0,63486.0,-531.0,3732.0,-10.0,2,42.6,0.4313,2
389,61437.0,0.2020323141573685,7449.561403508771,78052.0,18037.0,65256.0,254775.0,276040.0,-1246.0,33017.0,320.0,8,85.4,0.3592,2
390,64865.0,0.03866970156803237,7371.11954459203,107651.0,42377.0,113176.0,388458.0,395400.0,1468.0,66529.0,141.0,5,67.6,0.4689,8
391,51394.0,0.06782845659464067,8444.659685863873,69419.0,29378.0,41344.0,322586.0,321458.0,-1504.0,35442.0,209.0,6,58.8,0.4304,7
392,35204.0,0.0038944586473991668,8478.467908902692,135143.0,48181.0,137902.0,409510.0,393893.0,523.0,49619.0,-441.0,4,51.9,0.429,4
393,39559.0,0.051221074243951135,5702.976501305483,58009.0,37945.0,109269.0,218424.0,212354.0,-1799.0,17342.0,-175.0,5,70.7,0.3725,3
394,57448.0,0.10841433966937032,6309.61439588689,62605.0,26015.0,52448.0,245444.0,242265.0,-1310.0,30416.0,173.0,6,63.5,0.4055,4
395,12435.0,0.26410123112549916,8575.754716981133,36543.0,26660.0,67556.0,181806.0,169276.0,-14504.0,6863.0,-321.0,4,50.6,0.4348,1
396,19508.0,0.1961814068065951,7638.311688311688,42816.0,25251.0,72715.0,176445.0,169277.0,-7280.0,20123.0,-301.0,5,58.5,0.3655,4
397,53020.0,0.01609186888420362,8284.679802955665,98142.0,30125.0,82219.0,336358.0,378017.0,1017.0,75244.0,-37.0,6,71.1,0.3818,5
398,33959.0,0.11913763716983024,5390.217391304348,145059.0,35802.0,183790.0,320048.0,309197.0,-28687.0,27866.0,-14.0,2,54.6,0.3618,7
399,32141.0,0.07859412082323543,5588.964143426295,32361.0,24076.0,81862.0,162428.0,159274.0,-3693.0,18043.0,-91.0,3,42.8,0.3816,3
400,107614.0,0.08421993505587383,6421.183098591549,69745.0,37495.0,73738.0,268964.0,265151.0,143.0,39668.0,-321.0,5,66.2,0.4031,3
401,32576.0,0.346491193256233,7658.734939759035,34249.0,16153.0,46689.0,140346.0,125983.0,-15331.0,11382.0,134.0,4,65.2,0.363,2
402,252353.0,0.11748269360982189,10088.98128898129,141366.0,37337.0,141235.0,577306.0,547919.0,-5350.0,77327.0,17.0,5,62.4,0.3714,8
403,32516.0,0.06428180538906551,3230.892018779343,48554.0,20155.0,81976.0,154913.0,153496.0,-734.0,15559.0,-449.0,2,34.8,0.3951,3
404,31631.0,0.04162957532596743,5438.674033149171,29798.0,13693.0,47733.0,113337.0,114582.0,357.0,10679.0,-206.0,5,65.1,0.376,8
405,627196.0,0.02009986144378172,5792.193995381062,413941.0,186055.0,385151.0,1512569.0,1465831.0,1239.0,155977.0,-1730.0,5,58.4,0.4215,7
406,323850.0,0.01099062522089489,5921.222672064778,223636.0,107204.0,242674.0,926162.0,905408.0,647.0,162641.0,2120.0,5,70.7,0.4161,7
407,25943.0,0.07042840241944891,4847.896678966789,44520.0,14085.0,69061.0,175335.0,180041.0,-14024.0,27214.0,-26.0,3,55.5,0.3488,5
408,633454.0,0.09342144077148029,6371.610637230306,365424.0,206239.0,390905.0,1704914.0,1647534.0,2126.0,388305.0,-329.0,5,68.1,0.438,7
409,31401.0,0.383362138365488,9729.479768786126,32804.0,24117.0,71945.0,206019.0,177631.0,-25507.0,30787.0,-170.0,4,62.1,0.3668,5
410,117860.0,0.03771293141756777,3819.489904357067,115169.0,67209.0,166387.0,416138.0,405060.0,-11362.0,54332.0,1236.0,3,39.3,0.4349,8
411,18517.0,0.14356848706699324,3689.5768374164813,42280.0,29811.0,91271.0,228878.0,222918.0,-13707.0,61676.0,710.0,1,36.5,0.3783,6
412,287416.0,0.08649982171065226,5496.776811594203,328120.0,156814.0,444333.0,1100490.0,1102141.0,-12896.0,122781.0,-2024.0,3,41.6,0.4103,2
413,282069.0,0.09775779170284805,6220.465477114041,186076.0,126447.0,252469.0,947869.0,947771.0,-66108.0,68033.0,-1038.0,5,68.6,0.3674,3
414,59482.0,0.003522132317943836,5472.365145228216,40535.0,12710.0,32915.0,176259.0,168080.0,2266.0,43056.0,-82.0,8,85.7,0.4482,3
415,175550.0,0.25182611075676375,5882.651245551601,83191.0,32227.0,73314.0,425618.0,409203.0,-2256.0,86719.0,-272.0,8,84.8,0.4436,2
416,57805.0,0.0924421158310849,6353.433734939758,49956.0,41695.0,101755.0,264322.0,254992.0,-21302.0,25100.0,-362.0,4,65.3,0.4551,4
417,165311.0,0.057610516552953545,6663.034351145038,127257.0,28965.0,85850.0,512571.0,484113.0,1795.0,158880.0,762.0,8,84.9,0.4833,7
418,434556.0,0.033465682912551885,8436.703786191538,229098.0,78384.0,173705.0,989578.0,975447.0,8495.0,199228.0,-3.0,8,81.9,0.4944,7
419,271919.0,0.15242899489610187,6088.665105386416,129122.0,79603.0,123183.0,704078.0,673015.0,-22066.0,138380.0,494.0,5,60.1,0.4134,8
420,463575.0,0.005999867123896745,5466.652360515021,350937.0,130046.0,321558.0,1203640.0,1174026.0,2281.0,79271.0,-994.0,5,73.3,0.4057,5
421,1140908.0,0.006835777486482058,8661.453147877013,428823.0,263152.0,809068.0,3109540.0,2929440.0,1165.0,729207.0,-194.0,7,73.3,0.4829,9
422,112861.0,0.3504616656159413,6555.047619047619,63016.0,51647.0,98181.0,350116.0,331517.0,-11097.0,37771.0,-262.0,4,45.9,0.3963,6
423,15679.0,0.134829776,5001.35386,15679.0,16580.0,81754.0,161456.0,161868.0,743.0,14219.0,31.0,3,58.7,0.3536,5
424,13199.0,0.12245182059424892,3682.6666666666665,27140.0,13017.0,58174.0,117792.0,114935.0,351.0,19700.0,-1.0,3,50.0,0.3659,5
425,76170.0,0.048302550029292964,9570.374331550802,54127.0,38337.0,61503.0,202255.0,194586.0,-842.0,21594.0,-68.0,4,62.4,0.3943,5
426,24720.0,0.12529821341825445,5174.75884244373,70495.0,23429.0,110113.0,193650.0,185270.0,-5798.0,27600.0,33.0,3,69.8,0.3467,4
427,127118.0,0.08294294314094597,6743.561643835616,80249.0,28955.0,75988.0,312034.0,303329.0,-5545.0,63183.0,1690.0,5,78.8,0.4434,4
428,97309.0,0.018010217334834183,6176.879432624113,37731.0,14448.0,32016.0,204161.0,196333.0,336.0,29973.0,-87.0,7,73.0,0.4541,3
429,60281.0,0.06302873067398226,6355.7692307692305,51024.0,14184.0,51659.0,174576.0,161117.0,-800.0,38054.0,276.0,6,67.4,0.4201,7
430,1789885.0,0.04729473983443176,5209.968670924208,1169022.0,598706.0,1447799.0,5630747.0,5730447.0,-5903.0,1306849.0,-4311.0,4,34.2,0.4416,10
431,35875.0,0.01799120138326512,5285.609756097561,48868.0,12644.0,55066.0,137219.0,137067.0,-2527.0,28473.0,31.0,7,61.8,0.419112411458769,3
432,272716.0,0.016884352289728857,6646.444929116685,241179.0,68614.0,180351.0,873533.0,880934.0,2096.0,250513.0,1543.0,8,78.5,0.4609,5
433,23147.0,0.222029564242679,4746.761904761905,47382.0,9607.0,67272.0,115469.0,114192.0,-575.0,15247.0,166.0,3,38.4,0.3494,4
434,135074.0,0.03199824966839421,5479.843400447427,65741.0,35487.0,63354.0,291654.0,292516.0,655.0,34085.0,-481.0,5,64.0,0.411,7
435,152760.0,0.04956179226511342,4810.0,85177.0,70337.0,164419.0,415768.0,137067.0,18572.0,68074.0,-681.0,4,45.8,0.3597,4
436,62912.0,0.06877070619006102,7090.0,56725.0,28887.0,60905.0,206704.0,200725.0,-4753.0,25171.0,84.0,5,55.4,0.3802,4
437,17716.0,0.0230855321812698,3654.8,57313.0,43760.0,124515.0,312034.0,316302.0,-10262.0,79812.0,259.0,1,36.2,0.389,7
438,189702.0,0.01996184595303538,5291.826697892271,228101.0,22173.0,186526.0,654030.0,637416.0,-17199.0,174311.0,919.0,8,83.2,0.4282,7
439,79600.0,0.07739811252129634,6263.854447439353,76375.0,24552.0,82498.0,281358.0,261195.0,-7560.0,45166.0,-135.0,5,75.5,0.3826,9
440,37963.0,0.07669366920046607,5866.635071090047,28355.0,18044.0,65346.0,153878.0,144184.0,174.0,20715.0,-209.0,5,65.7,0.3759,5
441,131977.0,0.12067395788915651,6936.573033707866,77527.0,48183.0,109584.0,454298.0,433855.0,-20987.0,73411.0,46.0,5,68.5,0.4119,6
442,122865.0,0.0038621501539954925,6547.410714285715,82279.0,25614.0,99985.0,386546.0,387349.0,185.0,82308.0,1040.0,7,84.9,0.435,6
443,78505.0,0.1374239926135989,4398.010752688172,125218.0,50531.0,89163.0,388032.0,379075.0,-38712.0,49005.0,-545.0,3,52.9,0.3768,5
444,103850.0,0.044148242180612855,6745.7037037037035,84183.0,46608.0,136431.0,287901.0,283590.0,-14566.0,10852.0,-467.0,5,60.5,0.3868,9
445,68973.0,0.05028049550064347,6952.660944206008,51627.0,18813.0,39654.0,183947.0,201251.0,649.0,18965.0,-155.0,7,82.0,0.4365,4
446,26119.0,0.10771674422008239,5266.440677966101,58083.0,19646.0,91791.0,263196.0,232313.0,-8330.0,98937.0,8.0,3,56.9,0.384,2
447,568859.0,0.03689582023074306,6276.492385786802,405681.0,159016.0,374540.0,1579085.0,1551856.0,86.0,329623.0,2606.0,5,65.3,0.4243,9
448,17936.0,0.04524056978663569,5178.185053380783,62620.0,19855.0,97096.0,193489.0,179927.0,-8159.0,41655.0,69.0,2,63.6,0.37,3
449,123823.0,0.08558494489702831,7154.767932489452,101596.0,49748.0,122127.0,416872.0,407782.0,2.0,64583.0,-244.0,4,67.7,0.3784,7
450,113031.0,0.029820908767327674,6210.023364485982,83177.0,44324.0,96254.0,401915.0,410182.0,287.0,134829.0,577.0,5,68.1,0.4023,9
451,12841.0,0.09448614055854004,5485.652173913043,58252.0,23256.0,81514.0,155541.0,153758.0,-15602.0,18130.0,15.0,2,60.0,0.36972559926991544,3
452,48262.0,0.10157253466178501,5915.371900826446,32599.0,157138.0,59884.0,168205.0,166610.0,-6656.0,13962.0,-94.0,5,63.1,0.4483,6
453,840874.0,0.1034546089109174,6559.557683538531,481532.0,35587.0,331099.0,1770895.0,1693361.0,2344.0,325942.0,3457.0,6,70.7,0.4245,6
454,56991.0,0.11451951183260944,6410.577507598785,45156.0,10480.0,104324.0,248452.0,242212.0,-16719.0,19706.0,-98.0,4,47.6,0.4321,8
455,9598.0,0.3751116481899858,3361.4563106796113,26514.0,20211.0,43771.0,79915.0,76132.0,19.0,9967.0,22.0,2,37.3,0.3604,2
456,89175.0,0.12179351017705196,6596.028169014085,85246.0,44362.0,74669.0,317588.0,320132.0,-5221.0,59473.0,762.0,8,82.4,0.4662,2
457,132595.0,0.03573456120558244,6144.138576779026,109279.0,30072.0,118389.0,457485.0,413941.0,498.0,111573.0,208.0,5,72.7,0.4279,8
458,110036.0,0.06999336350326989,6566.968911917098,73111.0,52752.0,46859.0,307585.0,299857.0,816.0,52875.0,157.0,6,68.3,0.425,7
459,153807.0,0.015365878454781037,8015.647773279353,144504.0,38346.0,147006.0,491039.0,481977.0,-5872.0,90312.0,374.0,4,57.7,0.3742,4
460,52017.0,0.08027062359330989,5530.516795865633,68992.0,26199.0,117230.0,228803.0,222597.0,-6991.0,12228.0,139.0,5,68.6,0.4045,3
461,76211.0,0.10659568300563486,5422.474489795918,62925.0,28804.0,56916.0,251137.0,282882.0,-4689.0,36795.0,205.0,6,68.9,0.433,4
462,43265.0,0.333841924897979,7912.2535211267605,39940.0,25553.0,70001.0,184437.0,165162.0,-18487.0,6149.0,-269.0,4,47.3,0.3738,1
463,42613.0,0.22612151628141258,6446.7532467532465,43887.0,34129.0,74986.0,170635.0,162793.0,-6157.0,19936.0,-342.0,5,67.8,0.386,4
464,137855.0,0.012118034315010632,6775.180722891566,104644.0,164724.0,88937.0,392250.0,377619.0,1507.0,108597.0,256.0,6,72.5,0.4388,5
465,26675.0,0.1515805238103728,5628.190661478599,142132.0,39089.0,183866.0,289289.0,280445.0,-9251.0,25048.0,-80.0,2,54.3,0.3691,7
466,31141.0,0.08631623749733985,6537.391304347826,34021.0,25777.0,85628.0,165396.0,164465.0,-5342.0,22192.0,-190.0,3,47.1,0.3821,3
467,42811.0,0.0865491207393491,7137.938718662953,71449.0,38849.0,75652.0,256252.0,257091.0,80.0,17595.0,-110.0,5,70.3,0.3988,3
468,12561.0,0.2969700758522964,8675.297619047618,35722.0,17702.0,53295.0,145745.0,143964.0,0.0,14884.0,10.0,4,69.5,0.3663,2
469,65759.0,0.09198863344574354,12192.515337423314,143273.0,39987.0,140627.0,596214.0,584170.0,-18716.0,51427.0,250.0,5,66.9,0.3716,8
470,24765.0,0.04412515389003994,4672.178899082569,50402.0,22818.0,83190.0,203707.0,199818.0,10.0,59058.0,-270.0,2,31.8,0.3928,3
471,17567.0,0.03297283835082979,7434.021739130435,30251.0,13964.0,48784.0,136786.0,132503.0,401.0,24315.0,-60.0,5,70.0,0.3741,8
472,223707.0,0.02034638770684956,6887.4495412844035,426324.0,195443.0,422717.0,1501464.0,1516682.0,-1033.0,102128.0,-880.0,5,55.9,0.4194,7
473,107195.0,0.009286579117992456,7679.558359621451,250149.0,113904.0,270577.0,973768.0,988631.0,770.0,179410.0,2090.0,5,72.9,0.4135,7
474,18357.0,0.0642849177931137,5849.490909090909,49754.0,15645.0,79334.0,160861.0,161422.0,386.0,26541.0,-30.0,3,54.4,0.354,5
475,243409.0,0.09470397959901906,8194.112381899553,385907.0,215607.0,417449.0,1647836.0,1605413.0,1876.0,263287.0,-90.0,5,66.7,0.4331,7
476,19865.0,0.5186327869872174,10913.410404624277,31314.0,25037.0,66435.0,188802.0,160765.0,-27104.0,21729.0,-190.0,4,61.7,0.3663,5
477,60449.0,0.09019128671932236,4319.826707441387,125404.0,70433.0,169182.0,423775.0,398564.0,-20671.0,46972.0,900.0,3,37.2,0.4335,8
478,15745.0,0.13225819807883404,5431.769722814499,45642.0,31174.0,107206.0,254750.0,241520.0,-939.0,58750.0,330.0,1,6.2,0.3793,6
479,95809.0,0.0767995577398718,7079.383062254627,343715.0,169410.0,458072.0,1262254.0,1251752.0,-90285.0,71652.0,-890.0,3,5.7,0.4061,2
480,165555.0,0.10985427469687553,6437.750972762646,192232.0,132859.0,263210.0,827251.0,833486.0,1090.0,59231.0,-920.0,5,70.7,0.3648,3
481,43854.0,0.01930000654607345,6981.457489878543,40362.0,14023.0,34342.0,172442.0,183316.0,2946.0,30444.0,80.0,8,89.8,0.4475,3
482,109847.0,0.2456783793773623,7047.200704225353,88509.0,33755.0,76353.0,400281.0,419345.0,24.0,44704.0,50.0,8,87.0,0.442,2
483,28644.0,0.08858958616683421,8606.415662650601,52747.0,41616.0,104932.0,285733.0,287483.0,-28596.0,29015.0,-400.0,4,71.7,0.4378,4
484,91863.0,0.05120610335373307,8975.231053604435,130800.0,29554.0,91593.0,485560.0,494941.0,2546.0,109814.0,1020.0,8,83.3,0.4788,7
485,178737.0,0.022169816260721457,11307.188533627343,246128.0,81945.0,181976.0,1025562.0,1050347.0,10642.0,179283.0,320.0,8,81.5,0.4866,7
486,103956.0,0.1476743354733546,7673.23732718894,133851.0,86395.0,135228.0,666037.0,699370.0,-6683.0,81420.0,570.0,5,61.6,0.4094,8
487,233549.0,0.0037952156310051785,6967.661505605979,361014.0,138096.0,337431.0,1305043.0,1309807.0,2073.0,174206.0,-610.0,5,72.2,0.4034,5
488,444883.0,0.00585888818097557,10620.39696860339,444905.0,271856.0,869223.0,2942912.0,3037095.0,-40169.0,393560.0,670.0,7,72.4,0.4781,9
489,42361.0,0.22912344472449406,8587.399527186762,66746.0,53467.0,114551.0,363247.0,349938.0,-3295.0,33213.0,-340.0,4,46.6,0.3957,6
490,19897.0,0.1385684,5104.486535,19897.0,17497.0,95643.0,190542.0,193865.0,409.0,14379.0,40.0,3,52.4,0.3572,5
491,16024.0,0.13130615719284972,4258.729508196721,30600.0,14084.0,52206.0,103913.0,105730.0,191.0,16330.0,80.0,3,52.0,0.3614,5
492,12529.0,0.04724684136285271,10425.502645502645,55908.0,39855.0,67065.0,197042.0,197791.0,54.0,10782.0,50.0,4,76.7,0.3867,5
493,20434.0,0.10507055629535578,5808.8958990536275,78708.0,24346.0,112557.0,184142.0,193746.0,5206.0,12948.0,40.0,3,72.5,0.3476,4
494,53152.0,0.07291372934148815,8469.395465994961,83947.0,29561.0,83086.0,336235.0,308529.0,2663.0,75569.0,2460.0,5,80.8,0.4289,4
495,47023.0,0.016569123139136586,7268.2807017543855,40216.0,16729.0,33190.0,207146.0,213409.0,0.0,20574.0,-60.0,7,75.4,0.4505,3
496,19002.0,0.06079313425216947,9055.118483412321,56620.0,14685.0,54844.0,191063.0,188064.0,-1278.0,38973.0,80.0,6,72.0,0.4205,7
497,871861.0,0.0454099187608674,7103.975052953637,1283931.0,650158.0,1592389.0,6036958.0,5978892.0,-481.0,1459183.0,-3050.0,4,30.8,0.4328,10
498,38715.0,0.040712269703717364,7094.292452830189,56329.0,13551.0,57281.0,150399.0,141014.0,-3275.0,33074.0,340.0,7,65.3,0.4169,3
499,166854.0,0.014424044030598056,9153.52441613588,262066.0,70120.0,196199.0,862262.0,909731.0,1752.0,193660.0,1300.0,8,81.0,0.4558,5
500,12760.0,0.21329372635641203,5603.971962616823,52566.0,11085.0,70685.0,119925.0,118161.0,-1149.0,3211.0,20.0,3,52.2,0.354,4
501,51991.0,0.028475324109380105,6551.367713004484,70026.0,37133.0,70833.0,292191.0,293728.0,4.0,23287.0,-40.0,5,67.6,0.4103,7
502,50603.0,0.0862465034479369,6180.747922437673,96736.0,72320.0,168139.0,446250.0,467961.0,28441.0,78040.0,-710.0,4,51.6,0.3615,4
503,18943.0,0.10634333173317642,7956.451612903225,61526.0,29634.0,62909.0,197320.0,193731.0,-6798.0,13198.0,-110.0,5,65.2,0.3776,4
504,12956.0,0.010363886051372945,4987.911392405063,58596.0,48039.0,127290.0,315236.0,295642.0,-1938.0,92500.0,520.0,1,3.7,0.3892,7
505,135049.0,0.018397576811001484,7195.735632183908,243957.0,24733.0,194638.0,626029.0,625952.0,208.0,147406.0,420.0,8,84.3,0.4298,7
506,42500.0,0.08370551242452069,7676.256684491979,78907.0,26118.0,90971.0,287092.0,287496.0,-3850.0,43124.0,-90.0,5,72.2,0.3811,9
507,20318.0,0.0751689072495406,6979.905660377359,30323.0,18114.0,62729.0,147974.0,144754.0,177.0,14118.0,-130.0,5,64.3,0.3773,5
508,75026.0,0.11346188583815028,8239.443413729128,80298.0,47430.0,123232.0,444106.0,442880.0,-2895.0,53853.0,340.0,5,70.7,0.4117,6
509,40561.0,0.08342411134495997,7565.037220843673,80387.0,47320.0,99813.0,304871.0,283659.0,-11904.0,85412.0,580.0,7,58.9,0.3795,6
510,70436.0,0.005729304349594322,8905.458515283843,135100.0,25502.0,93527.0,407870.0,393416.0,758.0,28221.0,580.0,3,82.4,0.3765,5
511,37160.0,0.20595888506748883,4451.823056300268,93630.0,50817.0,147192.0,332106.0,320127.0,-12993.0,26700.0,-560.0,5,56.7,0.3765,9
512,22238.0,0.026520124373812404,9611.744680851063,59878.0,19203.0,42022.0,225876.0,231560.0,1522.0,24852.0,-70.0,7,76.3,0.4362,4
513,14217.0,0.05047168735604224,7902.409240924092,60142.0,20123.0,98584.0,239443.0,263098.0,-4866.0,60204.0,-110.0,3,54.7,0.385,2
514,321770.0,0.025146689403524214,10642.213438735178,422290.0,169302.0,386300.0,2153984.0,2181480.0,-242433.0,277677.0,3850.0,5,68.6,0.4216,9
515,17346.0,0.014572993,5265.18505338078,78547.0,23076.0,102357.0,195989.0,181927.0,-9674.0,41970.0,-10.0,2,75.3,0.3751,3
516,41204.0,0.13286148848049478,8881.915789473684,108966.0,51808.0,128657.0,421891.0,396458.0,-21669.0,61976.0,-110.0,4,73.1,0.3794,7
517,42664.0,0.02793023338089791,8691.75799086758,88911.0,46097.0,99687.0,380699.0,423985.0,390.0,101386.0,410.0,5,65.0,0.4008,9
518,13899.0,0.10244576775840068,5073.31914893617,63694.0,15184.0,88774.0,140215.0,141060.0,77.0,20159.0,0.0,2,60.9,0.375,3
519,27849.0,0.08754290592412987,6969.586776859504,32989.0,24547.0,59455.0,168664.0,168683.0,-4344.0,10689.0,-390.0,5,57.6,0.4317,6
520,353468.0,0.09566915323099218,8265.319432120674,525168.0,164860.0,355652.0,1863003.0,1827287.0,371.0,324687.0,3510.0,6,70.8,0.4178,6
521,21280.0,0.15068065142571477,6491.5501519756845,51894.0,35569.0,105424.0,213572.0,208036.0,-4064.0,14960.0,-510.0,4,43.6,0.4302,8
522,8808.0,0.32774712882967283,3917.6190476190477,26772.0,11465.0,45520.0,82270.0,86463.0,20.0,10012.0,20.0,2,43.2,0.3664,2
523,71792.0,0.1420985388153911,8235.191256830602,92596.0,21418.0,81524.0,301408.0,315429.0,-10432.0,42376.0,650.0,8,83.9,0.4592,2
524,71637.0,0.03076405889045961,7858.839779005525,120769.0,46138.0,133105.0,426735.0,464048.0,516.0,62507.0,380.0,5,67.8,0.4218,8
525,56972.0,0.06351001838521704,8431.333333333334,79246.0,31071.0,54793.0,328822.0,320910.0,607.0,62250.0,110.0,6,70.6,0.4204,7
526,38227.0,0.046605470852189704,10543.102766798418,151073.0,54161.0,155832.0,533481.0,522149.0,-16929.0,75025.0,490.0,4,56.6,0.3839,4
527,42527.0,0.09149209667622506,7405.886889460155,69982.0,40789.0,116750.0,288089.0,283172.0,-33040.0,8955.0,170.0,5,66.2,0.3994,3
528,61163.0,0.10446927575607981,7068.156565656565,68207.0,26878.0,64502.0,279899.0,277517.0,-3838.0,44284.0,200.0,6,74.1,0.4286,4
529,10915.0,0.27046900678437485,9465.915492957745,42594.0,28344.0,81347.0,201624.0,189848.0,-11301.0,6556.0,-360.0,4,48.8,0.3722,1
530,18532.0,0.2013882188686527,7901.948051948051,45805.0,26298.0,83960.0,182535.0,176197.0,-4073.0,19880.0,-300.0,5,59.4,0.3791,4
531,63200.0,0.015515820605732217,8791.232227488152,109954.0,34587.0,92962.0,370990.0,354348.0,5498.0,67553.0,80.0,6,70.5,0.4328,5
532,27624.0,0.108127021723279,4300.04219409283,89217.0,25409.0,126047.0,203822.0,204343.0,103.0,25667.0,14.0,2,56.1,0.3482,7
533,22700.0,0.15658177177002958,6440.0,27525.0,20309.0,67050.0,155848.0,137896.0,-17048.0,12010.0,-177.0,3,43.7,0.3651,3
534,95477.0,0.1038428973315489,6394.9855907780975,45034.0,29081.0,51339.0,221906.0,219678.0,17.0,9474.0,-136.0,5,60.1,0.417,3
535,30611.0,0.21301518792813118,7981.375,39568.0,14358.0,55026.0,127702.0,122334.0,-4473.0,7251.0,-228.0,4,68.0,0.3602,2
536,224570.0,0.13484845525703038,9312.76150627615,113320.0,30399.0,103994.0,445150.0,460821.0,-8551.0,34458.0,-640.0,5,62.9,0.3776,8
537,27811.0,0.022656119149155468,4295.755208333334,28761.0,15080.0,59351.0,164957.0,155234.0,-1586.0,47845.0,273.0,2,29.0,0.389,3
538,25287.0,0.04939340631294948,6177.401129943503,24332.0,10922.0,42374.0,109340.0,109711.0,373.0,15375.0,-16.0,5,46.1,0.3646,8
539,539715.0,0.014739890431124118,5975.522317188984,360558.0,144378.0,300823.0,1258445.0,1244514.0,2459.0,99599.0,366.0,5,56.8,0.4164,7
540,249005.0,0.024997453643361606,5111.956331877729,110353.0,83101.0,121728.0,585319.0,579259.0,1314.0,46186.0,841.0,5,64.9,0.4165,7
541,33774.0,0.23604996249551577,5251.84659090909,53137.0,13119.0,86582.0,184865.0,183978.0,1752.0,23450.0,71.0,3,57.2,0.3527,5
542,501264.0,0.13527842897428058,5914.406345957011,278368.0,167381.0,284100.0,1155675.0,1177320.0,616.0,90940.0,-1195.0,5,60.6,0.44,7
543,23476.0,0.24208389187500814,10482.470588235294,23359.0,18502.0,82384.0,178202.0,153674.0,-27314.0,17408.0,-181.0,4,51.4,0.3582,5
544,95473.0,0.004631660106544944,4334.85111662531,85850.0,45654.0,126054.0,349389.0,357971.0,111.0,56183.0,1206.0,3,42.0,0.4224,8
545,14402.0,0.07515108040252015,4046.356382978723,27542.0,17299.0,63947.0,152143.0,147769.0,-6532.0,32277.0,556.0,1,36.4,0.3654,6
546,255598.0,0.12485999781509809,6031.80616740088,261164.0,118850.0,376409.0,958454.0,979449.0,-5048.0,75857.0,-518.0,3,47.8,0.4241,2
547,249518.0,0.13178601391974268,5416.664110429448,152437.0,96318.0,196109.0,706333.0,717542.0,193.0,60033.0,-635.0,5,62.1,0.3702,3
548,48982.0,0.07865473284513154,5533.214285714286,28606.0,9662.0,23976.0,123944.0,132732.0,4614.0,16806.0,23.0,8,83.3,0.4505,3
549,162241.0,0.30302340393033866,5777.62962962963,59730.0,26254.0,52940.0,311992.0,346993.0,925.0,20072.0,354.0,8,76.6,0.4492,2
550,53450.0,0.12727710821463806,6903.006134969325,39615.0,33198.0,83108.0,225038.0,219961.0,-12708.0,23297.0,-254.0,4,65.9,0.4454,4
551,128857.0,0.10402422838168823,8680.762886597939,89952.0,22033.0,58262.0,421017.0,438494.0,-33750.0,75203.0,419.0,8,79.4,0.4837,7
552,397226.0,0.06730672711082328,9830.05675368899,174889.0,65339.0,125999.0,866028.0,926475.0,21540.0,159819.0,-130.0,8,74.3,0.504,7
553,238847.0,0.16083386828513904,6698.527607361963,103950.0,65537.0,92733.0,545930.0,548336.0,-10676.0,110556.0,199.0,5,49.3,0.415,8
554,420164.0,0.013367004432862203,5301.002754820936,262917.0,103841.0,243215.0,962132.0,979277.0,1974.0,55703.0,465.0,5,68.3,0.4066,5
555,1081349.0,0.020054133418752836,9297.222222222223,337292.0,218888.0,652720.0,2493515.0,2519331.0,15972.0,403173.0,860.0,7,66.7,0.4915,9
556,100112.0,0.2988173669741187,7825.011990407674,63855.0,44559.0,87153.0,326303.0,307365.0,-35386.0,32398.0,-268.0,4,46.3,0.3942,6
557,18386.0,0.13877655,4689.02863,34257.0,18865.0,67098.0,178745.0,178986.0,968.0,14078.0,36.0,3,41.5,0.3542,5
558,16653.0,0.42441520784194925,3955.764192139738,16608.0,9908.0,38993.0,90587.0,92426.0,2138.0,9200.0,4.0,3,46.5,0.3571,5
559,60910.0,0.05824824204542393,8026.612903225806,42739.0,29264.0,49991.0,149295.0,148468.0,72.0,7547.0,-241.0,4,64.6,0.387,5
560,22958.0,0.20760231930556783,5052.8327645051195,47756.0,17001.0,84233.0,148048.0,147113.0,1349.0,22405.0,-22.0,3,64.2,0.3325,4
561,113305.0,0.11028911639739591,6460.6325301204815,62868.0,22924.0,55306.0,214493.0,226414.0,4770.0,17150.0,-366.0,5,74.6,0.4601,4
562,88337.0,0.0322341608002964,5966.544117647059,26845.0,11596.0,20987.0,162290.0,172736.0,382.0,13372.0,170.0,7,72.6,0.46,3
563,46530.0,0.0728674523648824,6548.2474226804125,37541.0,10917.0,42116.0,127036.0,115566.0,-401.0,10670.0,-111.0,6,62.1,0.4179,7
564,1638751.0,0.06601075486945504,5235.459967009263,905953.0,467536.0,1083240.0,4126066.0,4209814.0,3186.0,524223.0,-3314.0,4,32.9,0.4409,10
565,30779.0,0.003787033198328922,6487.234042553191,31157.0,10084.0,34719.0,121960.0,125428.0,110.0,29391.0,847.0,7,55.3,0.4200932458327131,3
566,228863.0,0.03483575052529083,7332.497055359246,179083.0,54880.0,121630.0,622529.0,624416.0,1264.0,123174.0,281.0,8,74.0,0.4654,5
567,13824.0,0.2044256492605702,6016.546391752578,31784.0,8066.0,57557.0,116721.0,118943.0,-16.0,16629.0,78.0,3,47.0,0.3381,4
568,112389.0,0.037395020723443924,5644.414414414415,52889.0,30738.0,52054.0,250612.0,247787.0,-7882.0,20812.0,-96.0,5,54.3,0.4144,7
569,130409.0,0.1490342263865316,5206.420454545454,79913.0,58587.0,151364.0,366532.0,387099.0,3650.0,38908.0,-810.0,4,37.5,0.357,4
570,54591.0,0.06679051969748435,6099.875518672199,32639.0,22852.0,52579.0,147007.0,144257.0,-2537.0,14078.0,-141.0,5,51.5,0.3808,4
571,13506.0,0.013846879050948658,4311.502057613168,31909.0,28562.0,82795.0,209539.0,203656.0,631.0,59015.0,878.0,1,32.4,0.3896,7
572,158994.0,0.04193494786690483,5819.633986928105,165880.0,17033.0,118207.0,445202.0,433314.0,-1716.0,101594.0,2011.0,8,76.0,0.4289,7
573,66737.0,0.0598685800535347,5976.806722689075,64727.0,16210.0,62429.0,213372.0,219297.0,4433.0,22386.0,508.0,5,66.7,0.3746,9
574,28831.0,0.21287834325480004,6698.899521531101,25639.0,15882.0,55606.0,140007.0,131197.0,-10834.0,29587.0,-21.0,5,56.7,0.3772,5
575,125712.0,0.09471356304791165,7176.150870406189,57452.0,34575.0,80571.0,371007.0,377570.0,-20028.0,43550.0,-13.0,5,59.5,0.4141,6
576,106737.0,0.0009718534973180907,7185.626598465473,66408.0,21109.0,53423.0,280958.0,295312.0,249.0,51229.0,685.0,7,66.8,0.4398,6
577,69321.0,0.11029605193532878,4487.219178082192,86836.0,40605.0,53423.0,327567.0,330719.0,-26838.0,28556.0,-252.0,3,46.9,0.3714,5
578,97695.0,0.006442657625431584,6445.867970660147,63632.0,44988.0,117653.0,263636.0,257192.0,43.0,21718.0,-255.0,5,51.5,0.3755,9
579,63998.0,0.04589739499613483,6822.416666666667,40782.0,16382.0,30886.0,163738.0,162994.0,1388.0,15588.0,201.0,7,71.6,0.4355,4
580,25219.0,0.08585194395294343,6091.745454545455,48699.0,16220.0,80083.0,167523.0,167288.0,-3970.0,29500.0,-65.0,3,46.5,0.3734,2
581,489601.0,0.032401507551313685,6404.3254817987145,323400.0,137384.0,287587.0,1196328.0,1180192.0,51.0,151832.0,1207.0,5,60.8,0.4258,9
582,17280.0,0.16832452189804842,5813.307984790875,46135.0,11359.0,82426.0,152890.0,153210.0,307.0,17393.0,10.0,2,56.1,0.3499,3
583,93225.0,0.09092947378009048,9540.278969957082,50649.0,41351.0,97397.0,444577.0,428167.0,-34452.0,46051.0,-444.0,4,47.4,0.3745,7
584,97189.0,0.050473425072591845,6875.0,60305.0,34125.0,60772.0,281875.0,277235.0,-3432.0,30614.0,-41.0,5,52.0,0.397,9
585,10144.0,0.09603814741541115,4536.2211981566825,37615.0,9487.0,60535.0,98436.0,98565.0,113.0,15184.0,12.0,2,46.7,0.3426910965236739,3
586,40578.0,0.10626792974635213,6365.400843881856,24950.0,19351.0,52531.0,150860.0,145359.0,-4170.0,15273.0,23.0,5,47.4,0.4465,6
587,687005.0,0.11511157730785204,7027.854097584083,364860.0,127764.0,247469.0,1483580.0,1543459.0,1595.0,249393.0,2197.0,6,67.4,0.4255,6
588,48958.0,0.18337779386269576,5639.342105263158,35871.0,27966.0,86633.0,171436.0,171313.0,-593.0,9565.0,240.0,4,39.5,0.4268,8
589,7668.0,0.4623357945875791,3131.979166666667,19364.0,6522.0,32777.0,60134.0,57017.0,-1598.0,6978.0,5.0,2,32.8,0.355,2
590,74002.0,0.23769228877943238,7170.776397515528,61676.0,15313.0,47590.0,230899.0,244034.0,-5842.0,30138.0,677.0,8,78.6,0.4725,2
591,112789.0,0.0628474621881632,6355.417475728155,85259.0,37784.0,94851.0,327304.0,327014.0,3647.0,33003.0,258.0,5,61.9,0.434,8
592,91782.0,0.07004086451840437,6917.957559681697,64296.0,24969.0,32065.0,260807.0,260862.0,-1229.0,23243.0,55.0,6,59.8,0.4338,7
593,107929.0,0.009409375779688693,8556.55462184874,121309.0,41300.0,136575.0,407292.0,404809.0,-880.0,25320.0,-455.0,4,57.5,0.369,4
594,44712.0,0.05030306722305138,5247.724867724868,51136.0,34602.0,94630.0,198364.0,196986.0,-1125.0,10242.0,-105.0,5,62.0,0.4132,3
595,63639.0,0.09877697910039596,5169.194805194805,51778.0,22423.0,42745.0,199014.0,210626.0,-1226.0,13142.0,23.0,6,62.7,0.4405,4
596,39122.0,0.19524219984589064,7805.0,32848.0,20976.0,63233.0,162344.0,153138.0,-10042.0,14863.0,-213.0,4,47.8,0.3572,1
597,37253.0,0.1218597470170256,7084.077253218884,56234.0,20278.0,83409.0,165059.0,164517.0,-4702.0,13754.0,-160.0,5,58.0,0.3769,4
598,115027.0,0.03552209252191687,6303.341836734693,79792.0,28129.0,71234.0,247091.0,250492.0,1694.0,18931.0,43.0,6,64.7,0.4501,5
